region,year,population-weighted pm2.5 [ug/m3],geographic-mean pm2.5 [ug/m3],population coverage [%],geographic coverage [%],total population [million people],% pop >= 5 ug/m3 [%],% pop >= 10 ug/m3 [%],% pop >= 15 ug/m3 [%],% pop >= 25 ug/m3 [%],% pop >= 30 ug/m3 [%],% pop >= 35 ug/m3 [%],% pop >= 40 ug/m3 [%],% pop >= 45 ug/m3 [%],% pop >= 50 ug/m3 [%],% pop >= 55 ug/m3 [%],% pop >= 60 ug/m3 [%]
Andaman and Nicobar,1998,14.7,13.9,99.5,98.7,0.331,100.0,93.6,54.3,0.0,0.0,0.0,0.0,0.0,0.0,0.0,0.0
Andaman and Nicobar,1999,14.9,14.6,99.5,98.7,0.331,100.0,98.9,56.4,0.0,0.0,0.0,0.0,0.0,0.0,0.0,0.0
Andaman and Nicobar,2000,15.1,14.6,99.5,98.7,0.331,100.0,100.0,62.6,0.0,0.0,0.0,0.0,0.0,0.0,0.0,0.0
Andaman and Nicobar,2001,16.4,15.7,99.5,98.7,0.333,100.0,99.5,84.0,0.0,0.0,0.0,0.0,0.0,0.0,0.0,0.0
Andaman and Nicobar,2002,17.0,16.2,99.5,98.7,0.336,100.0,98.2,84.1,0.0,0.0,0.0,0.0,0.0,0.0,0.0,0.0
Andaman and Nicobar,2003,17.1,16.4,99.5,98.7,0.338,100.0,100.0,88.0,0.0,0.0,0.0,0.0,0.0,0.0,0.0,0.0
Andaman and Nicobar,2004,19.9,18.8,99.5,98.7,0.34,100.0,100.0,95.8,0.4,0.0,0.0,0.0,0.0,0.0,0.0,0.0
Andaman and Nicobar,2005,16.9,16.0,99.5,98.7,0.343,100.0,98.3,82.5,0.0,0.0,0.0,0.0,0.0,0.0,0.0,0.0
Andaman and Nicobar,2006,19.1,17.9,99.5,98.7,0.344,100.0,99.7,89.7,0.7,0.0,0.0,0.0,0.0,0.0,0.0,0.0
Andaman and Nicobar,2007,18.1,17.3,99.5,98.7,0.346,100.0,99.7,87.7,0.4,0.0,0.0,0.0,0.0,0.0,0.0,0.0
Andaman and Nicobar,2008,18.2,17.2,99.5,98.7,0.348,100.0,99.0,91.5,0.4,0.0,0.0,0.0,0.0,0.0,0.0,0.0
Andaman and Nicobar,2009,20.3,19.1,99.5,98.7,0.349,100.0,99.0,90.7,1.9,0.2,0.0,0.0,0.0,0.0,0.0,0.0
Andaman and Nicobar,2010,18.5,17.6,99.5,98.7,0.351,100.0,99.4,92.2,0.4,0.0,0.0,0.0,0.0,0.0,0.0,0.0
Andaman and Nicobar,2011,17.9,17.0,99.5,98.7,0.352,100.0,99.6,87.8,0.3,0.0,0.0,0.0,0.0,0.0,0.0,0.0
Andaman and Nicobar,2012,18.8,17.7,99.5,98.7,0.353,100.0,99.7,90.4,0.4,0.0,0.0,0.0,0.0,0.0,0.0,0.0
Andaman and Nicobar,2013,19.2,18.3,99.5,98.7,0.354,100.0,100.0,95.9,0.4,0.0,0.0,0.0,0.0,0.0,0.0,0.0
Andaman and Nicobar,2014,21.5,20.5,99.5,98.7,0.355,100.0,100.0,93.5,12.1,0.4,0.0,0.0,0.0,0.0,0.0,0.0
Andaman and Nicobar,2015,17.9,17.2,99.6,98.7,0.356,100.0,100.0,87.3,0.2,0.0,0.0,0.0,0.0,0.0,0.0,0.0
Andaman and Nicobar,2016,19.7,18.5,99.6,98.7,0.357,100.0,100.0,93.7,0.1,0.0,0.0,0.0,0.0,0.0,0.0,0.0
Andaman and Nicobar,2017,17.0,15.9,99.6,98.7,0.358,100.0,98.6,86.8,0.0,0.0,0.0,0.0,0.0,0.0,0.0,0.0
Andaman and Nicobar,2018,19.9,18.6,99.6,98.7,0.359,100.0,99.2,91.4,1.1,0.0,0.0,0.0,0.0,0.0,0.0,0.0
Andaman and Nicobar,2019,19.2,18.1,99.6,98.7,0.359,100.0,100.0,91.8,0.4,0.0,0.0,0.0,0.0,0.0,0.0,0.0
Andaman and Nicobar,2020,18.2,17.1,99.6,98.7,0.36,100.0,99.9,91.1,0.0,0.0,0.0,0.0,0.0,0.0,0.0,0.0
Andaman and Nicobar,2021,16.9,15.7,99.6,98.7,0.36,100.0,97.1,88.2,0.0,0.0,0.0,0.0,0.0,0.0,0.0,0.0
Andaman and Nicobar,2022,15.2,14.4,99.6,98.7,0.36,100.0,98.1,64.7,0.0,0.0,0.0,0.0,0.0,0.0,0.0,0.0
Andaman and Nicobar,2023,17.5,16.6,99.6,98.7,0.36,100.0,100.0,89.7,0.0,0.0,0.0,0.0,0.0,0.0,0.0,0.0
Andhra Pradesh,1998,15.9,15.2,99.9,99.9,46.644,100.0,99.2,69.0,0.1,0.0,0.0,0.0,0.0,0.0,0.0,0.0
Andhra Pradesh,1999,18.2,17.4,99.9,99.9,46.644,100.0,100.0,87.0,1.0,0.0,0.0,0.0,0.0,0.0,0.0,0.0
Andhra Pradesh,2000,20.9,20.6,99.9,99.9,46.644,100.0,100.0,100.0,3.4,0.3,0.0,0.0,0.0,0.0,0.0,0.0
Andhra Pradesh,2001,21.9,21.9,99.9,99.9,47.09,100.0,100.0,100.0,6.3,0.4,0.0,0.0,0.0,0.0,0.0,0.0
Andhra Pradesh,2002,21.9,21.6,99.9,99.9,47.535,100.0,100.0,100.0,4.0,0.0,0.0,0.0,0.0,0.0,0.0,0.0
Andhra Pradesh,2003,22.3,21.9,99.9,99.9,47.981,100.0,100.0,100.0,5.9,0.3,0.0,0.0,0.0,0.0,0.0,0.0
Andhra Pradesh,2004,23.2,22.6,99.9,99.9,48.427,100.0,100.0,100.0,27.1,0.4,0.0,0.0,0.0,0.0,0.0,0.0
Andhra Pradesh,2005,25.6,25.1,99.9,99.9,48.872,100.0,100.0,100.0,61.4,4.1,0.1,0.0,0.0,0.0,0.0,0.0
Andhra Pradesh,2006,26.7,25.6,99.9,99.9,49.229,100.0,100.0,100.0,74.4,15.9,0.0,0.0,0.0,0.0,0.0,0.0
Andhra Pradesh,2007,27.8,26.8,99.9,99.9,49.585,100.0,100.0,100.0,86.0,23.0,0.2,0.0,0.0,0.0,0.0,0.0
Andhra Pradesh,2008,29.9,28.6,99.9,99.9,49.942,100.0,100.0,100.0,92.5,45.2,7.8,0.0,0.0,0.0,0.0,0.0
Andhra Pradesh,2009,30.7,29.4,99.9,99.9,50.298,100.0,100.0,100.0,95.5,57.2,8.5,0.0,0.0,0.0,0.0,0.0
Andhra Pradesh,2010,27.8,27.1,99.9,99.9,50.655,100.0,100.0,100.0,89.3,17.7,0.0,0.0,0.0,0.0,0.0,0.0
Andhra Pradesh,2011,29.6,28.1,99.9,99.9,50.908,100.0,100.0,100.0,89.9,41.9,8.5,0.0,0.0,0.0,0.0,0.0
Andhra Pradesh,2012,27.9,26.5,99.9,99.9,51.162,100.0,100.0,100.0,82.1,30.3,0.2,0.0,0.0,0.0,0.0,0.0
Andhra Pradesh,2013,28.2,26.8,99.9,99.9,51.415,100.0,100.0,100.0,84.2,31.6,0.7,0.0,0.0,0.0,0.0,0.0
Andhra Pradesh,2014,31.9,30.1,99.9,99.9,51.669,100.0,100.0,100.0,93.8,69.7,26.9,0.3,0.0,0.0,0.0,0.0
Andhra Pradesh,2015,29.0,27.6,99.9,99.9,51.922,100.0,100.0,100.0,87.7,41.0,2.7,0.0,0.0,0.0,0.0,0.0
Andhra Pradesh,2016,29.8,28.3,99.9,99.9,52.113,100.0,100.0,100.0,90.2,45.3,10.5,0.1,0.0,0.0,0.0,0.0
Andhra Pradesh,2017,32.5,30.5,99.9,99.9,52.304,100.0,100.0,100.0,94.6,73.2,32.6,1.1,0.0,0.0,0.0,0.0
Andhra Pradesh,2018,32.7,30.9,99.9,99.9,52.494,100.0,100.0,100.0,96.8,72.2,33.7,3.7,0.0,0.0,0.0,0.0
Andhra Pradesh,2019,29.7,28.1,99.9,99.9,52.685,100.0,100.0,100.0,88.6,45.2,9.2,0.0,0.0,0.0,0.0,0.0
Andhra Pradesh,2020,28.1,26.4,99.9,99.9,52.876,100.0,100.0,100.0,80.4,32.2,0.9,0.0,0.0,0.0,0.0,0.0
Andhra Pradesh,2021,29.3,27.9,99.9,99.9,52.876,100.0,100.0,100.0,87.3,41.5,5.4,0.0,0.0,0.0,0.0,0.0
Andhra Pradesh,2022,26.9,25.7,99.9,99.9,52.876,100.0,100.0,100.0,75.8,15.2,0.0,0.0,0.0,0.0,0.0,0.0
Andhra Pradesh,2023,29.6,27.8,99.9,99.9,52.876,100.0,100.0,100.0,83.8,45.0,13.8,0.0,0.0,0.0,0.0,0.0
Arunachal Pradesh,1998,10.2,7.8,100.0,100.0,1.17,99.4,39.8,11.1,0.0,0.0,0.0,0.0,0.0,0.0,0.0,0.0
Arunachal Pradesh,1999,12.2,9.7,100.0,100.0,1.17,100.0,75.8,21.7,0.0,0.0,0.0,0.0,0.0,0.0,0.0,0.0
Arunachal Pradesh,2000,12.6,10.1,100.0,100.0,1.17,100.0,74.3,21.2,0.1,0.0,0.0,0.0,0.0,0.0,0.0,0.0
Arunachal Pradesh,2001,13.4,11.4,100.0,100.0,1.198,100.0,84.9,30.2,0.0,0.0,0.0,0.0,0.0,0.0,0.0,0.0
Arunachal Pradesh,2002,12.0,10.3,100.0,100.0,1.225,100.0,68.0,17.8,0.0,0.0,0.0,0.0,0.0,0.0,0.0,0.0
Arunachal Pradesh,2003,13.0,10.7,100.0,100.0,1.252,100.0,77.7,27.5,0.0,0.0,0.0,0.0,0.0,0.0,0.0,0.0
Arunachal Pradesh,2004,13.0,10.6,100.0,100.0,1.28,99.9,77.6,31.1,0.0,0.0,0.0,0.0,0.0,0.0,0.0,0.0
Arunachal Pradesh,2005,14.0,11.6,100.0,100.0,1.307,100.0,88.9,37.8,0.0,0.0,0.0,0.0,0.0,0.0,0.0,0.0
Arunachal Pradesh,2006,15.3,12.5,100.0,100.0,1.336,100.0,93.6,48.0,2.1,0.0,0.0,0.0,0.0,0.0,0.0,0.0
Arunachal Pradesh,2007,14.8,12.1,100.0,100.0,1.366,100.0,93.0,42.5,1.3,0.0,0.0,0.0,0.0,0.0,0.0,0.0
Arunachal Pradesh,2008,14.5,12.0,100.0,100.0,1.395,100.0,91.5,43.2,0.3,0.0,0.0,0.0,0.0,0.0,0.0,0.0
Arunachal Pradesh,2009,18.1,15.2,100.0,100.0,1.424,100.0,99.2,67.3,10.1,1.2,0.0,0.0,0.0,0.0,0.0,0.0
Arunachal Pradesh,2010,14.5,11.9,100.0,100.0,1.453,100.0,88.2,43.9,0.7,0.0,0.0,0.0,0.0,0.0,0.0,0.0
Arunachal Pradesh,2011,15.0,12.3,100.0,100.0,1.485,100.0,93.0,46.8,1.0,0.0,0.0,0.0,0.0,0.0,0.0,0.0
Arunachal Pradesh,2012,18.5,16.0,100.0,100.0,1.516,100.0,99.7,73.9,8.5,0.0,0.0,0.0,0.0,0.0,0.0,0.0
Arunachal Pradesh,2013,15.6,13.4,100.0,100.0,1.548,100.0,98.8,52.0,0.6,0.0,0.0,0.0,0.0,0.0,0.0,0.0
Arunachal Pradesh,2014,16.7,14.5,100.0,100.0,1.579,100.0,98.9,63.0,3.5,0.0,0.0,0.0,0.0,0.0,0.0,0.0
Arunachal Pradesh,2015,15.2,12.8,100.0,100.0,1.611,100.0,94.8,47.4,0.9,0.0,0.0,0.0,0.0,0.0,0.0,0.0
Arunachal Pradesh,2016,15.8,13.7,100.0,100.0,1.647,100.0,98.1,52.2,1.6,0.0,0.0,0.0,0.0,0.0,0.0,0.0
Arunachal Pradesh,2017,15.3,12.9,100.0,100.0,1.682,100.0,96.8,47.5,0.2,0.0,0.0,0.0,0.0,0.0,0.0,0.0
Arunachal Pradesh,2018,18.0,15.0,100.0,100.0,1.718,100.0,99.3,70.6,7.9,0.2,0.0,0.0,0.0,0.0,0.0,0.0
Arunachal Pradesh,2019,16.7,14.5,100.0,100.0,1.754,100.0,99.7,66.6,1.1,0.0,0.0,0.0,0.0,0.0,0.0,0.0
Arunachal Pradesh,2020,16.0,13.3,100.0,100.0,1.789,100.0,97.9,54.5,1.1,0.0,0.0,0.0,0.0,0.0,0.0,0.0
Arunachal Pradesh,2021,17.3,14.5,100.0,100.0,1.789,100.0,99.5,66.6,5.8,0.2,0.0,0.0,0.0,0.0,0.0,0.0
Arunachal Pradesh,2022,13.2,11.0,100.0,100.0,1.789,100.0,85.7,30.4,0.0,0.0,0.0,0.0,0.0,0.0,0.0,0.0
Arunachal Pradesh,2023,14.4,12.4,100.0,100.0,1.789,100.0,95.7,37.6,0.0,0.0,0.0,0.0,0.0,0.0,0.0,0.0
Assam,1998,21.2,20.1,100.0,99.9,26.92,100.0,100.0,90.1,22.7,6.8,0.6,0.0,0.0,0.0,0.0,0.0
Assam,1999,22.8,21.7,100.0,99.9,26.92,100.0,100.0,95.9,35.9,10.9,1.0,0.0,0.0,0.0,0.0,0.0
Assam,2000,25.5,24.2,100.0,99.9,26.92,100.0,100.0,99.0,52.1,20.4,7.7,0.4,0.0,0.0,0.0,0.0
Assam,2001,26.7,25.2,100.0,99.9,27.373,100.0,100.0,99.0,60.1,23.8,12.0,4.4,0.1,0.0,0.0,0.0
Assam,2002,25.4,24.0,100.0,99.9,27.827,100.0,99.9,96.5,48.8,21.7,10.5,1.4,0.1,0.0,0.0,0.0
Assam,2003,28.0,26.3,100.0,99.9,28.28,100.0,100.0,99.2,64.5,37.2,16.4,8.0,0.3,0.0,0.0,0.0
Assam,2004,28.6,27.0,100.0,99.9,28.734,100.0,100.0,99.5,71.4,34.3,15.7,8.5,1.5,0.0,0.0,0.0
Assam,2005,29.3,27.5,100.0,99.9,29.187,100.0,100.0,99.7,74.4,39.8,19.7,10.1,0.6,0.0,0.0,0.0
Assam,2006,33.6,31.6,100.0,99.9,29.612,100.0,100.0,99.9,85.3,68.8,40.1,20.8,9.4,1.8,0.1,0.0
Assam,2007,31.9,30.1,100.0,99.9,30.036,100.0,100.0,99.8,83.1,61.8,28.7,13.1,7.0,0.2,0.0,0.0
Assam,2008,31.2,29.2,100.0,99.9,30.46,100.0,100.0,99.8,78.7,53.0,26.8,13.1,6.2,0.2,0.0,0.0
Assam,2009,37.7,35.8,100.0,99.9,30.885,100.0,100.0,99.9,93.6,80.8,63.4,35.8,16.3,10.1,4.0,0.2
Assam,2010,34.1,31.4,100.0,99.9,31.309,100.0,100.0,99.7,82.0,67.3,44.6,22.7,12.5,6.8,1.0,0.0
Assam,2011,33.6,31.3,100.0,99.9,31.692,100.0,100.0,99.8,84.3,66.6,39.3,19.5,10.4,4.5,0.0,0.0
Assam,2012,38.7,36.4,100.0,99.9,32.075,100.0,100.0,99.9,93.2,80.2,65.8,41.4,24.2,13.8,6.2,0.2
Assam,2013,34.0,31.6,100.0,99.9,32.457,100.0,100.0,99.9,85.1,69.1,41.3,21.7,11.7,4.2,0.1,0.0
Assam,2014,35.3,32.8,100.0,99.9,32.84,100.0,100.0,99.9,88.3,72.2,51.5,26.3,13.7,7.0,0.5,0.1
Assam,2015,33.5,31.2,100.0,99.9,33.222,100.0,100.0,99.8,84.1,67.8,41.1,20.9,9.6,0.8,0.1,0.0
Assam,2016,32.3,30.0,100.0,99.9,33.584,100.0,100.0,99.9,83.7,61.7,31.4,15.9,6.3,0.4,0.1,0.0
Assam,2017,34.1,31.6,100.0,99.9,33.945,100.0,100.0,99.9,84.8,67.3,43.3,22.5,12.9,6.3,0.4,0.1
Assam,2018,39.5,36.7,100.0,99.9,34.307,100.0,100.0,100.0,93.1,83.8,68.8,47.5,24.8,12.9,8.3,2.0
Assam,2019,34.7,32.2,100.0,99.9,34.668,100.0,100.0,100.0,87.3,70.3,44.7,24.3,13.4,7.8,0.7,0.0
Assam,2020,36.3,33.6,100.0,99.9,35.03,100.0,100.0,99.9,88.2,73.9,55.2,33.4,16.0,9.6,2.3,0.1
Assam,2021,37.5,35.1,100.0,99.9,35.03,100.0,100.0,100.0,92.4,79.9,58.3,37.5,19.9,9.5,1.9,0.2
Assam,2022,27.8,25.9,100.0,99.9,35.03,100.0,100.0,99.6,61.8,32.4,15.0,7.9,0.9,0.0,0.0,0.0
Assam,2023,30.0,27.9,100.0,99.9,35.03,100.0,100.0,99.8,71.4,45.2,24.8,11.9,6.5,0.1,0.0,0.0
Bihar,1998,47.0,44.9,100.0,100.0,84.765,100.0,100.0,100.0,99.7,99.3,96.8,89.2,68.0,33.6,4.7,0.0
Bihar,1999,47.8,45.7,100.0,100.0,84.765,100.0,100.0,100.0,99.8,99.5,97.4,90.2,69.6,40.5,9.9,0.0
Bihar,2000,54.0,51.5,100.0,100.0,84.765,100.0,100.0,100.0,99.9,99.7,99.4,96.8,86.8,67.9,49.0,25.3
Bihar,2001,60.8,57.8,100.0,100.0,86.839,100.0,100.0,100.0,100.0,99.9,99.6,98.5,94.5,86.4,72.2,55.3
Bihar,2002,57.5,55.1,100.0,100.0,88.914,100.0,100.0,100.0,100.0,99.9,99.7,98.8,94.8,81.8,63.8,42.1
Bihar,2003,59.3,56.8,100.0,100.0,90.988,100.0,100.0,100.0,100.0,100.0,99.8,99.3,96.4,87.7,69.6,47.2
Bihar,2004,60.0,57.5,100.0,100.0,93.063,100.0,100.0,100.0,100.0,100.0,99.9,99.4,96.9,86.8,70.3,51.3
Bihar,2005,59.0,56.1,100.0,100.0,95.137,100.0,100.0,100.0,100.0,99.9,99.6,97.8,93.7,83.5,65.9,47.8
Bihar,2006,67.5,64.3,100.0,100.0,97.233,100.0,100.0,100.0,100.0,99.9,99.7,99.4,97.8,93.3,84.8,75.8
Bihar,2007,68.3,65.1,100.0,100.0,99.328,100.0,100.0,100.0,100.0,100.0,99.8,99.5,98.5,95.5,87.6,76.1
Bihar,2008,72.5,69.6,100.0,100.0,101.423,100.0,100.0,100.0,100.0,100.0,100.0,99.9,99.7,98.9,96.4,88.9
Bihar,2009,76.0,72.5,100.0,100.0,103.518,100.0,100.0,100.0,100.0,100.0,99.9,99.7,99.4,98.7,96.1,89.8
Bihar,2010,70.9,67.5,100.0,100.0,105.613,100.0,100.0,100.0,100.0,100.0,99.8,99.5,98.8,97.5,92.9,83.5
Bihar,2011,78.2,74.7,100.0,100.0,107.678,100.0,100.0,100.0,100.0,100.0,100.0,100.0,99.8,99.5,97.8,94.6
Bihar,2012,81.9,77.5,100.0,100.0,109.742,100.0,100.0,100.0,100.0,100.0,99.9,99.7,99.6,98.9,97.4,93.3
Bihar,2013,78.1,74.1,100.0,100.0,111.806,100.0,100.0,100.0,100.0,100.0,100.0,99.8,99.6,98.8,96.5,92.1
Bihar,2014,79.0,74.7,100.0,100.0,113.871,100.0,100.0,100.0,100.0,100.0,99.9,99.7,99.5,98.7,96.7,92.8
Bihar,2015,77.5,74.0,100.0,100.0,115.935,100.0,100.0,100.0,100.0,100.0,100.0,99.8,99.7,99.3,97.2,92.7
Bihar,2016,84.9,80.7,100.0,100.0,118.033,100.0,100.0,100.0,100.0,100.0,100.0,100.0,99.9,99.4,97.9,95.9
Bihar,2017,82.2,78.2,100.0,100.0,120.131,100.0,100.0,100.0,100.0,100.0,100.0,99.9,99.7,99.5,98.3,95.4
Bihar,2018,87.4,82.8,100.0,100.0,122.229,100.0,100.0,100.0,100.0,100.0,100.0,99.8,99.7,99.5,98.7,96.8
Bihar,2019,76.7,73.1,100.0,100.0,124.327,100.0,100.0,100.0,100.0,100.0,100.0,99.8,99.7,99.3,97.5,93.7
Bihar,2020,69.0,66.2,100.0,100.0,126.426,100.0,100.0,100.0,100.0,100.0,99.9,99.7,99.5,97.9,93.6,84.6
Bihar,2021,72.5,69.4,100.0,100.0,126.426,100.0,100.0,100.0,100.0,100.0,100.0,99.8,99.6,98.6,95.2,89.2
Bihar,2022,72.1,68.5,100.0,100.0,126.426,100.0,100.0,100.0,100.0,100.0,99.8,99.7,99.1,96.9,93.3,85.2
Bihar,2023,66.9,63.9,100.0,100.0,126.426,100.0,100.0,100.0,100.0,99.9,99.8,99.6,98.4,95.2,89.7,78.3
Chandigarh,1998,26.2,26.1,100.0,100.0,0.623,100.0,100.0,100.0,80.7,0.0,0.0,0.0,0.0,0.0,0.0,0.0
Chandigarh,1999,26.3,26.2,100.0,100.0,0.623,100.0,100.0,100.0,83.6,0.0,0.0,0.0,0.0,0.0,0.0,0.0
Chandigarh,2000,32.7,32.7,100.0,100.0,0.623,100.0,100.0,100.0,100.0,100.0,0.0,0.0,0.0,0.0,0.0,0.0
Chandigarh,2001,35.4,35.3,100.0,100.0,0.634,100.0,100.0,100.0,100.0,100.0,62.1,0.0,0.0,0.0,0.0,0.0
Chandigarh,2002,35.8,35.7,100.0,100.0,0.644,100.0,100.0,100.0,100.0,100.0,78.0,0.0,0.0,0.0,0.0,0.0
Chandigarh,2003,38.3,38.2,100.0,100.0,0.655,100.0,100.0,100.0,100.0,100.0,100.0,4.7,0.0,0.0,0.0,0.0
Chandigarh,2004,40.0,39.9,100.0,100.0,0.666,100.0,100.0,100.0,100.0,100.0,100.0,47.8,0.0,0.0,0.0,0.0
Chandigarh,2005,37.4,37.3,100.0,100.0,0.676,100.0,100.0,100.0,100.0,100.0,100.0,0.9,0.0,0.0,0.0,0.0
Chandigarh,2006,37.6,37.5,100.0,100.0,0.686,100.0,100.0,100.0,100.0,100.0,100.0,0.9,0.0,0.0,0.0,0.0
Chandigarh,2007,38.7,38.6,100.0,100.0,0.696,100.0,100.0,100.0,100.0,100.0,100.0,16.9,0.0,0.0,0.0,0.0
Chandigarh,2008,43.9,43.8,100.0,100.0,0.706,100.0,100.0,100.0,100.0,100.0,100.0,100.0,22.6,0.0,0.0,0.0
Chandigarh,2009,42.5,42.4,100.0,100.0,0.716,100.0,100.0,100.0,100.0,100.0,100.0,98.8,4.7,0.0,0.0,0.0
Chandigarh,2010,47.8,47.7,100.0,100.0,0.726,100.0,100.0,100.0,100.0,100.0,100.0,100.0,96.9,14.2,0.0,0.0
Chandigarh,2011,48.2,48.1,100.0,100.0,0.735,100.0,100.0,100.0,100.0,100.0,100.0,100.0,95.1,22.7,0.0,0.0
Chandigarh,2012,47.8,47.7,100.0,100.0,0.744,100.0,100.0,100.0,100.0,100.0,100.0,100.0,94.0,19.0,0.0,0.0
Chandigarh,2013,48.9,48.8,100.0,100.0,0.753,100.0,100.0,100.0,100.0,100.0,100.0,100.0,98.0,28.4,0.9,0.0
Chandigarh,2014,47.6,47.4,100.0,100.0,0.762,100.0,100.0,100.0,100.0,100.0,100.0,100.0,95.0,15.2,0.0,0.0
Chandigarh,2015,49.7,49.6,100.0,100.0,0.771,100.0,100.0,100.0,100.0,100.0,100.0,100.0,100.0,43.2,0.9,0.0
Chandigarh,2016,54.8,54.7,100.0,100.0,0.779,100.0,100.0,100.0,100.0,100.0,100.0,100.0,100.0,99.1,45.9,0.9
Chandigarh,2017,53.6,53.5,100.0,100.0,0.787,100.0,100.0,100.0,100.0,100.0,100.0,100.0,100.0,97.8,28.0,0.9
Chandigarh,2018,52.7,52.6,100.0,100.0,0.796,100.0,100.0,100.0,100.0,100.0,100.0,100.0,100.0,95.7,12.1,0.0
Chandigarh,2019,49.6,49.5,100.0,100.0,0.804,100.0,100.0,100.0,100.0,100.0,100.0,100.0,100.0,44.0,0.0,0.0
Chandigarh,2020,47.0,47.0,100.0,100.0,0.812,100.0,100.0,100.0,100.0,100.0,100.0,100.0,87.9,6.4,0.0,0.0
Chandigarh,2021,50.6,50.5,100.0,100.0,0.812,100.0,100.0,100.0,100.0,100.0,100.0,100.0,100.0,60.0,1.9,0.0
Chandigarh,2022,51.9,51.8,100.0,100.0,0.812,100.0,100.0,100.0,100.0,100.0,100.0,100.0,100.0,84.0,4.5,0.0
Chandigarh,2023,51.2,51.1,100.0,100.0,0.812,100.0,100.0,100.0,100.0,100.0,100.0,100.0,100.0,72.7,2.8,0.0
Chhattisgarh,1998,31.5,25.2,100.0,100.0,21.557,100.0,100.0,95.3,65.1,56.2,42.2,24.4,14.0,4.8,0.6,0.0
Chhattisgarh,1999,33.6,27.0,100.0,100.0,21.557,100.0,100.0,98.5,66.9,59.3,49.1,30.4,20.4,11.7,4.1,0.1
Chhattisgarh,2000,37.0,31.9,100.0,100.0,21.557,100.0,100.0,100.0,92.7,72.3,56.8,34.4,20.3,12.0,3.7,0.3
Chhattisgarh,2001,40.9,35.0,100.0,100.0,21.984,100.0,100.0,100.0,97.2,83.9,66.0,51.1,31.8,20.4,12.5,4.8
Chhattisgarh,2002,41.9,36.1,100.0,100.0,22.412,100.0,100.0,100.0,97.8,90.8,69.6,56.5,36.7,21.5,12.2,5.2
Chhattisgarh,2003,42.3,36.6,100.0,100.0,22.84,100.0,100.0,100.0,98.2,92.3,71.0,54.5,36.4,22.7,13.8,5.1
Chhattisgarh,2004,46.1,39.4,100.0,100.0,23.267,100.0,100.0,100.0,98.6,94.3,81.3,65.8,54.5,38.0,24.9,12.0
Chhattisgarh,2005,44.4,37.9,100.0,100.0,23.695,100.0,100.0,100.0,98.5,91.8,72.2,60.6,46.2,31.6,20.9,12.6
Chhattisgarh,2006,44.4,37.9,100.0,100.0,24.112,100.0,100.0,100.0,98.9,91.4,73.5,62.6,47.0,31.4,20.5,10.1
Chhattisgarh,2007,49.5,42.4,100.0,100.0,24.53,100.0,100.0,100.0,99.9,97.1,89.7,71.3,63.1,50.3,32.8,21.3
Chhattisgarh,2008,52.8,45.2,100.0,100.0,24.947,100.0,100.0,100.0,100.0,98.4,93.2,81.7,67.3,58.8,46.0,30.9
Chhattisgarh,2009,51.8,44.1,100.0,100.0,25.364,100.0,100.0,100.0,100.0,98.1,91.7,78.6,65.8,57.9,45.7,29.4
Chhattisgarh,2010,47.7,40.6,100.0,100.0,25.782,100.0,100.0,100.0,99.7,94.6,85.2,67.1,58.6,44.1,29.7,16.4
Chhattisgarh,2011,53.7,45.9,100.0,100.0,26.177,100.0,100.0,100.0,100.0,98.7,94.3,84.5,67.8,59.9,50.4,35.6
Chhattisgarh,2012,50.0,42.1,100.0,100.0,26.573,100.0,100.0,100.0,99.8,96.5,87.8,69.7,61.3,52.6,37.4,23.6
Chhattisgarh,2013,54.5,46.0,100.0,100.0,26.969,100.0,100.0,100.0,100.0,98.6,93.8,83.4,68.3,61.0,50.8,37.0
Chhattisgarh,2014,55.2,46.4,100.0,100.0,27.365,100.0,100.0,100.0,100.0,99.1,93.5,82.4,69.1,62.7,54.1,41.6
Chhattisgarh,2015,56.2,47.6,100.0,100.0,27.761,100.0,100.0,100.0,100.0,99.3,94.9,88.7,71.1,65.0,56.1,43.0
Chhattisgarh,2016,58.2,48.2,100.0,100.0,28.153,100.0,100.0,100.0,99.9,98.3,94.2,86.0,75.3,65.8,58.8,50.4
Chhattisgarh,2017,57.0,48.0,100.0,100.0,28.545,100.0,100.0,100.0,100.0,99.1,95.2,88.8,72.8,64.8,57.1,47.5
Chhattisgarh,2018,58.7,48.8,100.0,100.0,28.937,100.0,100.0,100.0,100.0,99.3,95.1,85.4,72.5,66.3,59.4,51.8
Chhattisgarh,2019,59.5,49.2,100.0,100.0,29.328,100.0,100.0,100.0,100.0,98.8,94.9,87.6,75.2,67.3,60.8,53.3
Chhattisgarh,2020,59.7,48.4,100.0,100.0,29.72,100.0,100.0,100.0,99.9,97.9,92.9,81.9,70.8,66.0,59.4,52.6
Chhattisgarh,2021,61.7,50.9,100.0,100.0,29.72,100.0,100.0,100.0,100.0,99.7,96.1,90.4,74.5,68.0,62.0,55.3
Chhattisgarh,2022,55.6,45.6,100.0,100.0,29.72,100.0,100.0,100.0,99.4,96.8,91.1,80.7,68.7,61.5,53.3,44.0
Chhattisgarh,2023,57.9,46.7,100.0,100.0,29.72,100.0,100.0,100.0,100.0,97.1,90.2,74.7,68.8,63.3,56.9,50.7
Dadra and Nagar Haveli,1998,22.8,22.7,100.0,100.0,0.238,100.0,100.0,100.0,1.2,0.0,0.0,0.0,0.0,0.0,0.0,0.0
Dadra and Nagar Haveli,1999,23.6,23.4,100.0,100.0,0.238,100.0,100.0,100.0,5.5,0.0,0.0,0.0,0.0,0.0,0.0,0.0
Dadra and Nagar Haveli,2000,26.7,26.8,100.0,100.0,0.238,100.0,100.0,100.0,100.0,0.0,0.0,0.0,0.0,0.0,0.0,0.0
Dadra and Nagar Haveli,2001,28.2,28.2,100.0,100.0,0.249,100.0,100.0,100.0,100.0,6.6,0.0,0.0,0.0,0.0,0.0,0.0
Dadra and Nagar Haveli,2002,29.4,29.5,100.0,100.0,0.259,100.0,100.0,100.0,100.0,31.3,0.0,0.0,0.0,0.0,0.0,0.0
Dadra and Nagar Haveli,2003,32.0,32.0,100.0,100.0,0.27,100.0,100.0,100.0,100.0,99.6,0.0,0.0,0.0,0.0,0.0,0.0
Dadra and Nagar Haveli,2004,33.1,33.1,100.0,100.0,0.281,100.0,100.0,100.0,100.0,99.9,9.6,0.0,0.0,0.0,0.0,0.0
Dadra and Nagar Haveli,2005,31.3,31.2,100.0,100.0,0.292,100.0,100.0,100.0,99.9,90.4,0.0,0.0,0.0,0.0,0.0,0.0
Dadra and Nagar Haveli,2006,34.1,34.0,100.0,100.0,0.304,100.0,100.0,100.0,100.0,99.9,24.0,0.0,0.0,0.0,0.0,0.0
Dadra and Nagar Haveli,2007,34.3,34.3,100.0,100.0,0.317,100.0,100.0,100.0,100.0,99.9,27.7,0.0,0.0,0.0,0.0,0.0
Dadra and Nagar Haveli,2008,37.1,37.0,100.0,100.0,0.329,100.0,100.0,100.0,100.0,99.9,95.1,0.2,0.0,0.0,0.0,0.0
Dadra and Nagar Haveli,2009,35.9,35.8,100.0,100.0,0.342,100.0,100.0,100.0,100.0,99.9,79.6,0.0,0.0,0.0,0.0,0.0
Dadra and Nagar Haveli,2010,35.9,35.8,100.0,100.0,0.354,100.0,100.0,100.0,100.0,99.9,82.5,0.0,0.0,0.0,0.0,0.0
Dadra and Nagar Haveli,2011,35.6,35.4,100.0,100.0,0.369,100.0,100.0,100.0,100.0,99.9,75.4,0.0,0.0,0.0,0.0,0.0
Dadra and Nagar Haveli,2012,37.7,37.6,100.0,100.0,0.383,100.0,100.0,100.0,100.0,99.9,97.6,2.8,0.0,0.0,0.0,0.0
Dadra and Nagar Haveli,2013,37.7,37.5,100.0,100.0,0.398,100.0,100.0,100.0,99.9,99.9,96.1,1.3,0.0,0.0,0.0,0.0
Dadra and Nagar Haveli,2014,36.7,36.4,100.0,100.0,0.412,100.0,100.0,100.0,99.9,99.9,93.4,0.0,0.0,0.0,0.0,0.0
Dadra and Nagar Haveli,2015,41.7,41.6,100.0,100.0,0.426,100.0,100.0,100.0,100.0,99.9,99.3,91.1,0.7,0.0,0.0,0.0
Dadra and Nagar Haveli,2016,36.4,36.2,100.0,100.0,0.443,100.0,100.0,100.0,99.9,99.9,91.2,0.0,0.0,0.0,0.0,0.0
Dadra and Nagar Haveli,2017,40.9,40.6,100.0,100.0,0.46,100.0,100.0,100.0,100.0,99.9,98.7,83.9,0.7,0.0,0.0,0.0
Dadra and Nagar Haveli,2018,40.6,40.3,100.0,100.0,0.477,100.0,100.0,100.0,100.0,99.9,98.5,70.4,0.0,0.0,0.0,0.0
Dadra and Nagar Haveli,2019,37.3,37.0,100.0,100.0,0.494,100.0,100.0,100.0,99.9,99.9,95.4,4.7,0.0,0.0,0.0,0.0
Dadra and Nagar Haveli,2020,35.1,34.6,100.0,100.0,0.51,100.0,100.0,100.0,99.9,99.1,52.0,0.7,0.0,0.0,0.0,0.0
Dadra and Nagar Haveli,2021,37.0,36.7,100.0,100.0,0.51,100.0,100.0,100.0,100.0,99.9,96.5,1.2,0.0,0.0,0.0,0.0
Dadra and Nagar Haveli,2022,36.0,35.6,100.0,100.0,0.51,100.0,100.0,100.0,99.9,99.7,81.7,1.5,0.0,0.0,0.0,0.0
Dadra and Nagar Haveli,2023,34.8,34.4,100.0,100.0,0.51,100.0,100.0,100.0,99.9,98.7,38.4,0.2,0.0,0.0,0.0,0.0
Daman and Diu,1998,29.2,29.2,98.0,97.4,0.094,100.0,100.0,100.0,100.0,33.6,0.0,0.0,0.0,0.0,0.0,0.0
Daman and Diu,1999,29.8,29.8,98.0,97.4,0.094,100.0,100.0,100.0,100.0,38.7,0.0,0.0,0.0,0.0,0.0,0.0
Daman and Diu,2000,32.1,32.0,98.0,97.4,0.094,100.0,100.0,100.0,100.0,99.9,0.0,0.0,0.0,0.0,0.0,0.0
Daman and Diu,2001,32.0,31.9,97.9,97.4,0.098,100.0,100.0,100.0,100.0,97.2,0.0,0.0,0.0,0.0,0.0,0.0
Daman and Diu,2002,33.6,33.6,97.9,97.4,0.102,100.0,100.0,100.0,100.0,99.9,0.8,0.0,0.0,0.0,0.0,0.0
Daman and Diu,2003,37.1,37.0,97.9,97.4,0.106,100.0,100.0,100.0,100.0,100.0,97.3,0.0,0.0,0.0,0.0,0.0
Daman and Diu,2004,37.3,37.2,97.9,97.4,0.111,100.0,100.0,100.0,100.0,99.9,95.8,0.0,0.0,0.0,0.0,0.0
Daman and Diu,2005,34.8,34.7,97.8,97.4,0.115,100.0,100.0,100.0,100.0,99.9,46.2,0.0,0.0,0.0,0.0,0.0
Daman and Diu,2006,37.2,37.0,97.8,97.4,0.12,100.0,100.0,100.0,100.0,99.9,87.1,0.8,0.0,0.0,0.0,0.0
Daman and Diu,2007,37.6,37.4,97.8,97.4,0.125,100.0,100.0,100.0,100.0,99.9,94.9,0.8,0.0,0.0,0.0,0.0
Daman and Diu,2008,40.2,39.8,97.8,97.4,0.13,100.0,100.0,100.0,100.0,99.9,96.5,72.3,0.0,0.0,0.0,0.0
Daman and Diu,2009,37.5,37.1,97.7,97.4,0.135,100.0,100.0,100.0,100.0,98.8,73.0,17.1,0.0,0.0,0.0,0.0
Daman and Diu,2010,37.8,37.2,97.7,97.4,0.14,100.0,100.0,100.0,99.9,96.6,73.6,30.4,0.0,0.0,0.0,0.0
Daman and Diu,2011,38.1,37.5,97.7,97.4,0.146,100.0,100.0,100.0,99.9,97.7,74.3,40.3,0.0,0.0,0.0,0.0
Daman and Diu,2012,39.5,38.7,97.7,97.4,0.152,100.0,100.0,100.0,99.9,97.8,75.0,75.0,0.0,0.0,0.0,0.0
Daman and Diu,2013,40.3,39.5,97.7,97.4,0.158,100.0,100.0,100.0,99.9,99.5,89.4,74.8,0.0,0.0,0.0,0.0
Daman and Diu,2014,39.6,38.7,97.6,97.4,0.164,100.0,100.0,100.0,99.9,97.9,76.3,76.3,0.0,0.0,0.0,0.0
Daman and Diu,2015,46.1,44.9,97.6,97.4,0.17,100.0,100.0,100.0,99.9,99.5,97.0,76.8,76.8,2.7,0.0,0.0
Daman and Diu,2016,40.2,38.9,97.6,97.4,0.177,100.0,100.0,100.0,99.0,95.0,77.5,77.5,0.0,0.0,0.0,0.0
Daman and Diu,2017,44.9,43.5,97.6,97.4,0.184,100.0,100.0,100.0,99.9,99.0,96.1,78.1,78.1,0.0,0.0,0.0
Daman and Diu,2018,46.3,45.2,97.6,97.4,0.191,100.0,100.0,100.0,100.0,99.4,98.1,94.1,78.7,0.0,0.0,0.0
Daman and Diu,2019,41.9,40.5,97.5,97.4,0.199,100.0,100.0,100.0,99.1,97.4,85.0,79.3,9.0,0.0,0.0,0.0
Daman and Diu,2020,40.7,39.3,97.5,97.4,0.206,100.0,100.0,100.0,99.4,97.4,79.8,79.8,0.0,0.0,0.0,0.0
Daman and Diu,2021,40.5,39.5,97.5,97.4,0.206,100.0,100.0,100.0,99.5,99.1,93.6,79.8,0.0,0.0,0.0,0.0
Daman and Diu,2022,41.1,40.0,97.5,97.4,0.206,100.0,100.0,100.0,100.0,99.1,94.4,79.8,0.0,0.0,0.0,0.0
Daman and Diu,2023,40.3,39.0,97.5,97.4,0.206,100.0,100.0,100.0,99.4,97.4,79.8,79.8,0.0,0.0,0.0,0.0
Goa,1998,20.9,19.6,100.0,99.9,1.374,100.0,100.0,99.1,0.0,0.0,0.0,0.0,0.0,0.0,0.0,0.0
Goa,1999,21.6,20.4,100.0,99.9,1.374,100.0,100.0,100.0,0.0,0.0,0.0,0.0,0.0,0.0,0.0,0.0
Goa,2000,23.4,22.4,100.0,99.9,1.374,100.0,100.0,100.0,8.5,0.0,0.0,0.0,0.0,0.0,0.0,0.0
Goa,2001,23.4,22.7,100.0,99.9,1.385,100.0,100.0,100.0,10.2,0.0,0.0,0.0,0.0,0.0,0.0,0.0
Goa,2002,25.8,25.6,100.0,99.9,1.397,100.0,100.0,100.0,75.3,0.1,0.0,0.0,0.0,0.0,0.0,0.0
Goa,2003,26.9,26.6,100.0,99.9,1.409,100.0,100.0,100.0,92.0,0.8,0.0,0.0,0.0,0.0,0.0,0.0
Goa,2004,25.9,25.4,100.0,99.9,1.42,100.0,100.0,100.0,79.2,0.0,0.0,0.0,0.0,0.0,0.0,0.0
Goa,2005,27.7,27.0,100.0,99.9,1.432,100.0,100.0,100.0,91.4,11.7,0.0,0.0,0.0,0.0,0.0,0.0
Goa,2006,25.7,25.6,100.0,99.9,1.441,100.0,100.0,100.0,69.7,0.2,0.0,0.0,0.0,0.0,0.0,0.0
Goa,2007,30.4,30.1,100.0,99.9,1.45,100.0,100.0,100.0,99.5,57.1,0.3,0.0,0.0,0.0,0.0,0.0
Goa,2008,32.0,31.4,100.0,99.9,1.459,100.0,100.0,100.0,99.7,85.2,5.5,0.0,0.0,0.0,0.0,0.0
Goa,2009,33.2,32.7,100.0,99.9,1.467,100.0,100.0,100.0,99.8,92.2,21.6,0.0,0.0,0.0,0.0,0.0
Goa,2010,29.3,28.8,100.0,99.9,1.476,100.0,100.0,100.0,97.9,36.9,0.0,0.0,0.0,0.0,0.0,0.0
Goa,2011,30.2,29.4,100.0,99.9,1.482,100.0,100.0,100.0,97.0,62.7,0.0,0.0,0.0,0.0,0.0,0.0
Goa,2012,31.8,31.1,100.0,99.9,1.488,100.0,100.0,100.0,99.8,85.7,2.0,0.0,0.0,0.0,0.0,0.0
Goa,2013,28.6,28.0,100.0,99.9,1.493,100.0,100.0,100.0,95.0,23.1,0.0,0.0,0.0,0.0,0.0,0.0
Goa,2014,34.0,33.3,100.0,99.9,1.499,100.0,100.0,100.0,99.9,93.1,36.3,0.0,0.0,0.0,0.0,0.0
Goa,2015,30.9,30.2,100.0,99.9,1.505,100.0,100.0,100.0,99.3,73.0,1.4,0.0,0.0,0.0,0.0,0.0
Goa,2016,32.1,31.4,100.0,99.9,1.508,100.0,100.0,100.0,99.6,85.6,9.8,0.0,0.0,0.0,0.0,0.0
Goa,2017,33.8,33.2,100.0,99.9,1.512,100.0,100.0,100.0,99.9,93.0,31.2,0.0,0.0,0.0,0.0,0.0
Goa,2018,35.4,34.6,100.0,99.9,1.516,100.0,100.0,100.0,100.0,95.7,66.0,1.6,0.0,0.0,0.0,0.0
Goa,2019,30.2,29.5,100.0,99.9,1.519,100.0,100.0,100.0,96.0,57.1,0.9,0.0,0.0,0.0,0.0,0.0
Goa,2020,34.8,34.1,100.0,99.9,1.523,100.0,100.0,100.0,99.9,93.1,52.7,0.7,0.0,0.0,0.0,0.0
Goa,2021,36.5,35.9,100.0,99.9,1.523,100.0,100.0,100.0,99.9,96.9,77.6,12.2,0.0,0.0,0.0,0.0
Goa,2022,32.7,32.3,100.0,99.9,1.523,100.0,100.0,100.0,99.9,89.6,16.2,0.0,0.0,0.0,0.0,0.0
Goa,2023,33.3,32.6,100.0,99.9,1.523,100.0,100.0,100.0,99.9,91.0,22.7,0.0,0.0,0.0,0.0,0.0
Gujarat,1998,31.2,30.8,99.8,98.7,51.638,100.0,100.0,100.0,89.2,55.7,24.6,6.0,0.0,0.0,0.0,0.0
Gujarat,1999,31.6,30.7,99.8,98.7,51.638,100.0,100.0,99.9,88.9,56.7,29.3,9.4,0.1,0.0,0.0,0.0
Gujarat,2000,35.7,37.6,99.8,98.7,51.638,100.0,100.0,100.0,99.0,86.3,48.2,26.3,5.5,0.7,0.0,0.0
Gujarat,2001,35.8,37.6,99.8,98.7,52.607,100.0,100.0,100.0,99.2,86.3,49.2,23.1,6.4,0.7,0.0,0.0
Gujarat,2002,37.8,40.4,99.8,98.7,53.576,100.0,100.0,100.0,99.9,93.4,68.3,32.4,12.9,3.1,0.7,0.0
Gujarat,2003,40.1,42.1,99.8,98.7,54.544,100.0,100.0,100.0,100.0,99.0,82.8,42.2,21.8,4.4,0.5,0.0
Gujarat,2004,41.3,43.4,99.8,98.7,55.513,100.0,100.0,100.0,100.0,99.3,85.3,53.5,27.1,10.6,1.1,0.0
Gujarat,2005,38.6,39.6,99.8,98.7,56.481,100.0,100.0,100.0,99.9,95.9,73.4,37.1,13.7,0.9,0.0,0.0
Gujarat,2006,40.7,41.4,99.8,98.7,57.42,100.0,100.0,100.0,100.0,98.8,85.6,58.3,20.2,4.0,0.1,0.0
Gujarat,2007,39.5,39.6,99.8,98.7,58.359,100.0,100.0,100.0,99.9,99.1,82.1,48.8,10.2,1.1,0.0,0.0
Gujarat,2008,42.5,43.2,99.8,98.7,59.298,100.0,100.0,100.0,100.0,99.8,94.5,69.9,29.3,7.2,0.2,0.0
Gujarat,2009,40.2,40.9,99.8,98.7,60.237,100.0,100.0,100.0,99.9,98.7,86.7,54.0,16.8,1.5,0.1,0.0
Gujarat,2010,40.5,40.7,99.8,98.7,61.176,100.0,100.0,100.0,99.9,98.6,86.4,55.9,17.1,3.7,0.1,0.0
Gujarat,2011,40.1,39.7,99.8,98.7,62.061,100.0,100.0,100.0,99.9,98.7,84.0,50.7,14.9,4.3,0.0,0.0
Gujarat,2012,45.3,45.0,99.8,98.7,62.946,100.0,100.0,100.0,100.0,99.8,95.6,81.1,54.8,18.3,8.6,0.5
Gujarat,2013,44.0,44.4,99.8,98.7,63.831,100.0,100.0,100.0,100.0,99.9,96.6,77.4,38.9,13.1,4.3,0.0
Gujarat,2014,43.8,43.3,99.8,98.7,64.716,100.0,100.0,100.0,100.0,99.1,93.1,74.1,42.1,13.1,6.2,0.1
Gujarat,2015,49.5,49.0,99.8,98.7,65.601,100.0,100.0,100.0,100.0,99.9,97.8,89.1,69.7,46.5,22.4,11.8
Gujarat,2016,43.0,41.8,99.8,98.7,66.475,100.0,100.0,100.0,99.9,97.9,88.8,66.2,30.9,13.8,9.2,3.2
Gujarat,2017,47.6,45.7,99.8,98.7,67.349,100.0,100.0,100.0,100.0,99.7,97.3,87.6,63.7,28.1,13.9,8.9
Gujarat,2018,51.9,51.5,99.8,98.7,68.223,100.0,100.0,100.0,100.0,100.0,99.5,94.4,79.5,58.8,32.5,13.5
Gujarat,2019,44.6,43.8,99.8,98.7,69.097,100.0,100.0,100.0,100.0,99.3,95.5,79.8,44.1,17.6,7.1,0.8
Gujarat,2020,41.7,40.8,99.8,98.7,69.971,100.0,100.0,100.0,100.0,98.7,88.9,59.4,25.9,11.3,0.2,0.0
Gujarat,2021,44.9,43.3,99.8,98.7,69.971,100.0,100.0,100.0,100.0,99.9,96.8,82.6,44.8,17.6,8.4,0.9
Gujarat,2022,42.0,41.7,99.8,98.7,69.971,100.0,100.0,100.0,100.0,99.6,91.0,62.0,28.2,10.5,0.1,0.0
Gujarat,2023,41.2,40.4,99.8,98.7,69.971,100.0,100.0,100.0,100.0,99.0,90.1,56.2,20.6,8.4,0.3,0.0
Haryana,1998,47.0,44.1,100.0,100.0,21.458,100.0,100.0,100.0,98.3,97.2,91.5,69.9,50.9,36.0,26.0,15.1
Haryana,1999,48.9,46.3,100.0,100.0,21.458,100.0,100.0,100.0,98.4,97.3,95.4,79.0,60.8,46.0,28.5,16.7
Haryana,2000,56.6,53.6,100.0,100.0,21.458,100.0,100.0,100.0,100.0,99.4,97.9,96.2,85.6,69.5,53.7,38.2
Haryana,2001,59.7,56.8,100.0,100.0,21.867,100.0,100.0,100.0,100.0,99.6,98.1,97.2,94.4,77.9,58.3,45.8
Haryana,2002,64.2,61.3,100.0,100.0,22.276,100.0,100.0,100.0,100.0,100.0,98.4,97.5,96.1,91.3,75.3,60.0
Haryana,2003,69.1,65.7,100.0,100.0,22.685,100.0,100.0,100.0,100.0,100.0,99.1,97.5,96.1,94.3,86.7,70.8
Haryana,2004,68.8,65.4,100.0,100.0,23.094,100.0,100.0,100.0,100.0,100.0,99.5,98.1,97.0,95.9,87.4,74.5
Haryana,2005,64.3,61.3,100.0,100.0,23.503,100.0,100.0,100.0,100.0,99.7,98.1,96.4,94.6,88.0,75.6,62.7
Haryana,2006,64.2,61.9,100.0,100.0,23.906,100.0,100.0,100.0,100.0,100.0,98.7,97.6,96.3,94.4,84.0,65.4
Haryana,2007,68.7,65.7,100.0,100.0,24.31,100.0,100.0,100.0,100.0,100.0,99.1,97.6,96.3,94.4,87.7,75.3
Haryana,2008,75.6,71.2,100.0,100.0,24.714,100.0,100.0,100.0,100.0,100.0,99.9,99.0,97.9,96.8,90.8,84.6
Haryana,2009,71.1,68.1,100.0,100.0,25.117,100.0,100.0,100.0,100.0,100.0,99.7,98.4,97.3,96.1,93.4,82.2
Haryana,2010,82.6,77.9,100.0,100.0,25.521,100.0,100.0,100.0,100.0,100.0,100.0,99.6,98.4,97.5,96.2,92.6
Haryana,2011,84.5,78.5,100.0,100.0,25.912,100.0,100.0,100.0,100.0,100.0,100.0,99.5,98.5,97.7,96.3,91.4
Haryana,2012,77.5,73.0,100.0,100.0,26.303,100.0,100.0,100.0,100.0,100.0,100.0,99.3,98.3,97.3,93.9,87.5
Haryana,2013,76.4,71.3,100.0,100.0,26.694,100.0,100.0,100.0,100.0,100.0,100.0,99.4,98.5,97.6,92.0,86.0
Haryana,2014,73.9,69.6,100.0,100.0,27.085,100.0,100.0,100.0,100.0,100.0,100.0,99.3,98.4,97.3,92.9,84.5
Haryana,2015,84.4,79.7,100.0,100.0,27.477,100.0,100.0,100.0,100.0,100.0,100.0,99.7,98.7,98.1,97.0,95.4
Haryana,2016,90.2,84.1,100.0,100.0,27.876,100.0,100.0,100.0,100.0,100.0,100.0,100.0,99.7,98.9,98.0,95.9
Haryana,2017,89.0,83.3,100.0,100.0,28.276,100.0,100.0,100.0,100.0,100.0,100.0,100.0,99.4,98.5,97.3,95.4
Haryana,2018,85.4,80.0,100.0,100.0,28.676,100.0,100.0,100.0,100.0,100.0,100.0,99.9,99.0,98.2,97.0,95.8
Haryana,2019,75.1,70.0,100.0,100.0,29.076,100.0,100.0,100.0,100.0,100.0,100.0,99.4,98.5,97.6,93.2,84.6
Haryana,2020,70.2,65.7,100.0,100.0,29.476,100.0,100.0,100.0,100.0,100.0,100.0,99.1,98.3,96.3,88.7,79.7
Haryana,2021,75.2,70.5,100.0,100.0,29.476,100.0,100.0,100.0,100.0,100.0,100.0,99.7,98.7,98.1,96.3,88.7
Haryana,2022,70.3,65.5,100.0,100.0,29.476,100.0,100.0,100.0,100.0,100.0,100.0,99.7,98.7,96.9,88.1,77.5
Haryana,2023,68.9,64.3,100.0,100.0,29.476,100.0,100.0,100.0,100.0,100.0,99.9,99.1,98.6,97.2,87.3,68.5
Himachal Pradesh,1998,18.2,15.5,100.0,100.0,6.309,100.0,99.7,95.7,2.9,0.0,0.0,0.0,0.0,0.0,0.0,0.0
Himachal Pradesh,1999,18.2,16.2,100.0,100.0,6.309,100.0,99.9,97.1,2.5,0.0,0.0,0.0,0.0,0.0,0.0,0.0
Himachal Pradesh,2000,25.3,23.3,100.0,100.0,6.309,100.0,100.0,99.9,52.5,11.1,1.7,0.0,0.0,0.0,0.0,0.0
Himachal Pradesh,2001,26.7,24.1,100.0,100.0,6.397,100.0,100.0,99.9,68.4,15.8,2.2,0.0,0.0,0.0,0.0,0.0
Himachal Pradesh,2002,26.9,23.7,100.0,100.0,6.484,100.0,100.0,99.9,65.6,17.0,4.5,0.1,0.0,0.0,0.0,0.0
Himachal Pradesh,2003,27.5,24.4,100.0,100.0,6.571,100.0,100.0,99.9,69.6,23.4,5.7,0.5,0.0,0.0,0.0,0.0
Himachal Pradesh,2004,27.3,24.6,100.0,100.0,6.658,100.0,100.0,99.9,66.2,23.2,7.2,1.3,0.0,0.0,0.0,0.0
Himachal Pradesh,2005,24.5,21.7,100.0,100.0,6.746,100.0,100.0,99.9,32.0,14.5,3.1,0.4,0.0,0.0,0.0,0.0
Himachal Pradesh,2006,24.7,21.0,100.0,100.0,6.824,100.0,100.0,99.8,34.5,15.2,3.9,0.1,0.0,0.0,0.0,0.0
Himachal Pradesh,2007,26.4,24.1,100.0,100.0,6.902,100.0,100.0,99.9,51.5,18.8,5.6,0.2,0.0,0.0,0.0,0.0
Himachal Pradesh,2008,27.6,24.2,100.0,100.0,6.98,100.0,100.0,99.9,62.3,24.5,12.0,4.4,0.2,0.0,0.0,0.0
Himachal Pradesh,2009,27.1,25.0,100.0,100.0,7.058,100.0,100.0,100.0,61.1,23.5,7.5,1.2,0.0,0.0,0.0,0.0
Himachal Pradesh,2010,29.7,26.1,100.0,100.0,7.135,100.0,100.0,99.9,88.0,36.9,14.6,5.9,1.0,0.0,0.0,0.0
Himachal Pradesh,2011,29.5,25.8,100.0,100.0,7.202,100.0,100.0,99.9,83.9,34.0,15.1,6.4,1.2,0.0,0.0,0.0
Himachal Pradesh,2012,29.8,26.9,100.0,100.0,7.268,100.0,100.0,100.0,94.5,34.3,15.0,4.8,0.3,0.0,0.0,0.0
Himachal Pradesh,2013,29.9,27.2,100.0,100.0,7.334,100.0,100.0,100.0,97.1,31.8,14.8,4.9,0.6,0.0,0.0,0.0
Himachal Pradesh,2014,29.9,27.4,100.0,100.0,7.4,100.0,100.0,100.0,96.0,36.8,12.5,3.9,0.7,0.0,0.0,0.0
Himachal Pradesh,2015,29.3,25.8,100.0,100.0,7.466,100.0,100.0,100.0,81.8,30.1,16.1,6.4,2.1,0.4,0.0,0.0
Himachal Pradesh,2016,34.7,31.0,100.0,100.0,7.525,100.0,100.0,100.0,99.7,78.0,35.6,19.1,9.3,3.0,0.4,0.0
Himachal Pradesh,2017,31.4,28.3,100.0,100.0,7.584,100.0,100.0,100.0,93.9,51.0,20.5,10.5,3.5,0.4,0.0,0.0
Himachal Pradesh,2018,32.5,29.1,100.0,100.0,7.644,100.0,100.0,100.0,99.4,62.2,23.7,12.4,4.0,0.3,0.0,0.0
Himachal Pradesh,2019,29.2,25.3,100.0,100.0,7.703,100.0,100.0,99.9,91.5,28.5,13.8,3.7,0.4,0.0,0.0,0.0
Himachal Pradesh,2020,28.5,24.8,100.0,100.0,7.762,100.0,100.0,100.0,81.1,25.0,14.7,5.0,0.3,0.0,0.0,0.0
Himachal Pradesh,2021,32.8,29.7,100.0,100.0,7.762,100.0,100.0,100.0,99.7,73.0,21.6,10.2,2.1,0.1,0.0,0.0
Himachal Pradesh,2022,28.5,24.7,100.0,100.0,7.762,100.0,100.0,100.0,85.3,24.0,13.4,4.4,1.2,0.0,0.0,0.0
Himachal Pradesh,2023,27.7,23.5,100.0,100.0,7.762,100.0,100.0,99.9,74.2,21.9,10.6,2.8,0.2,0.0,0.0,0.0
Jammu and Kashmir,1998,18.5,10.4,100.0,100.0,10.289,99.3,98.0,82.8,8.5,2.5,0.1,0.0,0.0,0.0,0.0,0.0
Jammu and Kashmir,1999,18.7,11.1,100.0,100.0,10.289,99.7,98.1,84.3,8.9,2.3,0.0,0.0,0.0,0.0,0.0,0.0
Jammu and Kashmir,2000,24.1,14.6,100.0,100.0,10.289,99.8,99.0,98.1,36.7,5.8,1.1,0.0,0.0,0.0,0.0,0.0
Jammu and Kashmir,2001,25.4,15.0,100.0,100.0,10.523,99.8,99.0,98.0,56.5,17.1,2.5,0.1,0.0,0.0,0.0,0.0
Jammu and Kashmir,2002,24.8,14.9,100.0,100.0,10.756,99.9,99.0,98.1,48.8,14.4,2.7,0.0,0.0,0.0,0.0,0.0
Jammu and Kashmir,2003,23.2,13.7,100.0,100.0,10.99,99.7,98.9,97.8,33.8,9.0,2.1,0.0,0.0,0.0,0.0,0.0
Jammu and Kashmir,2004,23.2,13.6,100.0,100.0,11.224,99.6,98.9,97.8,30.3,8.0,2.3,0.1,0.0,0.0,0.0,0.0
Jammu and Kashmir,2005,21.7,12.5,100.0,100.0,11.458,99.5,98.7,97.0,20.3,7.3,2.7,0.1,0.0,0.0,0.0,0.0
Jammu and Kashmir,2006,22.3,12.7,100.0,100.0,11.693,99.5,98.7,97.1,24.6,8.3,2.9,0.0,0.0,0.0,0.0,0.0
Jammu and Kashmir,2007,24.7,14.6,100.0,100.0,11.928,99.7,99.0,98.2,39.9,14.5,6.1,3.0,0.3,0.0,0.0,0.0
Jammu and Kashmir,2008,24.7,14.3,100.0,100.0,12.162,99.7,99.0,98.1,34.6,13.3,6.3,3.0,0.7,0.0,0.0,0.0
Jammu and Kashmir,2009,22.7,14.2,100.0,100.0,12.397,99.8,99.1,98.1,28.7,8.3,3.6,0.8,0.0,0.0,0.0,0.0
Jammu and Kashmir,2010,24.9,14.8,100.0,100.0,12.632,99.7,99.0,98.2,45.0,13.7,5.8,2.7,0.3,0.0,0.0,0.0
Jammu and Kashmir,2011,24.8,14.5,100.0,100.0,12.863,99.7,99.0,98.1,40.2,12.6,6.0,2.6,0.1,0.0,0.0,0.0
Jammu and Kashmir,2012,25.3,15.7,100.0,100.0,13.094,99.9,99.3,98.4,46.6,16.0,6.6,2.9,0.4,0.0,0.0,0.0
Jammu and Kashmir,2013,26.0,16.0,100.0,100.0,13.324,99.9,99.3,98.5,51.7,17.5,8.7,4.5,0.8,0.0,0.0,0.0
Jammu and Kashmir,2014,26.3,16.1,100.0,100.0,13.555,99.9,99.3,98.5,49.2,18.9,9.9,5.4,2.5,0.0,0.0,0.0
Jammu and Kashmir,2015,25.0,15.0,100.0,100.0,13.786,99.9,99.2,98.3,40.7,16.0,8.1,4.2,1.1,0.0,0.0,0.0
Jammu and Kashmir,2016,28.6,17.6,100.0,100.0,14.02,100.0,99.4,98.8,68.0,34.4,13.9,8.7,4.6,1.3,0.0,0.0
Jammu and Kashmir,2017,26.3,16.2,100.0,100.0,14.255,99.9,99.3,98.5,54.5,21.5,9.1,4.2,1.1,0.0,0.0,0.0
Jammu and Kashmir,2018,28.0,17.5,100.0,100.0,14.489,100.0,99.4,98.8,58.4,29.8,13.1,7.9,4.5,2.0,0.0,0.0
Jammu and Kashmir,2019,25.2,14.7,100.0,100.0,14.724,99.8,99.1,98.3,43.1,15.7,7.0,3.8,1.2,0.0,0.0,0.0
Jammu and Kashmir,2020,25.5,14.8,100.0,100.0,14.959,99.9,99.1,98.1,45.0,17.3,8.1,3.8,0.5,0.0,0.0,0.0
Jammu and Kashmir,2021,27.8,16.9,100.0,100.0,14.959,100.0,99.4,98.6,65.8,25.6,12.5,6.7,3.5,0.6,0.0,0.0
Jammu and Kashmir,2022,23.2,13.9,100.0,100.0,14.959,99.9,99.1,97.4,28.2,12.7,8.4,5.2,2.4,0.5,0.0,0.0
Jammu and Kashmir,2023,24.2,13.8,100.0,100.0,14.959,99.7,99.0,97.7,33.5,13.3,8.2,4.9,2.0,0.0,0.0,0.0
Jharkhand,1998,32.1,29.0,100.0,100.0,27.804,100.0,100.0,99.7,82.8,63.9,32.8,15.6,0.2,0.0,0.0,0.0
Jharkhand,1999,33.5,30.5,100.0,100.0,27.804,100.0,100.0,100.0,88.2,70.6,42.0,18.9,1.8,0.0,0.0,0.0
Jharkhand,2000,38.7,36.4,100.0,100.0,27.804,100.0,100.0,100.0,99.9,96.1,74.3,40.7,14.2,0.2,0.0,0.0
Jharkhand,2001,40.7,38.3,100.0,100.0,28.408,100.0,100.0,100.0,100.0,98.4,82.0,53.7,23.4,4.2,0.0,0.0
Jharkhand,2002,43.4,41.2,100.0,100.0,29.011,100.0,100.0,100.0,100.0,99.8,93.6,75.1,35.4,14.2,1.3,0.0
Jharkhand,2003,43.1,41.1,100.0,100.0,29.614,100.0,100.0,100.0,100.0,99.9,97.4,69.7,33.5,12.7,0.4,0.0
Jharkhand,2004,46.0,43.7,100.0,100.0,30.218,100.0,100.0,100.0,100.0,100.0,99.0,83.9,50.9,24.6,10.0,0.3
Jharkhand,2005,42.4,40.2,100.0,100.0,30.821,100.0,100.0,100.0,100.0,99.5,88.6,57.3,35.8,14.7,1.3,0.0
Jharkhand,2006,45.4,42.4,100.0,100.0,31.418,100.0,100.0,100.0,100.0,99.2,91.6,72.4,52.2,30.6,12.9,1.5
Jharkhand,2007,48.3,45.9,100.0,100.0,32.015,100.0,100.0,100.0,100.0,100.0,99.3,89.4,60.4,38.9,23.5,6.1
Jharkhand,2008,56.6,53.5,100.0,100.0,32.612,100.0,100.0,100.0,100.0,100.0,99.8,99.0,95.2,75.6,52.4,34.2
Jharkhand,2009,54.4,51.0,100.0,100.0,33.209,100.0,100.0,100.0,100.0,100.0,99.5,97.5,80.3,63.9,47.2,31.3
Jharkhand,2010,48.5,45.4,100.0,100.0,33.805,100.0,100.0,100.0,100.0,99.7,98.7,85.1,56.2,39.7,27.3,14.4
Jharkhand,2011,57.9,54.3,100.0,100.0,34.38,100.0,100.0,100.0,100.0,100.0,99.9,99.1,93.8,77.1,55.7,39.6
Jharkhand,2012,54.7,51.5,100.0,100.0,34.954,100.0,100.0,100.0,100.0,100.0,99.7,98.0,87.0,62.5,43.4,32.7
Jharkhand,2013,55.5,52.4,100.0,100.0,35.529,100.0,100.0,100.0,100.0,100.0,99.8,98.8,89.9,71.0,46.2,32.5
Jharkhand,2014,54.5,51.4,100.0,100.0,36.103,100.0,100.0,100.0,100.0,100.0,99.6,98.3,85.0,61.4,42.8,31.6
Jharkhand,2015,56.8,53.6,100.0,100.0,36.677,100.0,100.0,100.0,100.0,100.0,99.8,99.0,93.2,77.2,54.5,36.9
Jharkhand,2016,59.0,55.9,100.0,100.0,37.251,100.0,100.0,100.0,100.0,100.0,99.7,98.9,96.6,85.2,64.7,45.5
Jharkhand,2017,58.1,54.7,100.0,100.0,37.824,100.0,100.0,100.0,100.0,100.0,99.8,99.1,93.9,77.0,59.9,40.7
Jharkhand,2018,55.8,52.4,100.0,100.0,38.397,100.0,100.0,100.0,100.0,100.0,99.7,98.3,86.5,72.3,48.0,32.7
Jharkhand,2019,56.2,53.5,100.0,100.0,38.97,100.0,100.0,100.0,100.0,100.0,99.8,98.9,95.2,72.2,49.7,34.5
Jharkhand,2020,54.5,51.3,100.0,100.0,39.544,100.0,100.0,100.0,100.0,100.0,99.6,97.8,82.6,57.9,42.9,31.7
Jharkhand,2021,57.2,54.0,100.0,100.0,39.544,100.0,100.0,100.0,100.0,100.0,99.7,98.9,91.4,67.1,50.9,38.6
Jharkhand,2022,48.4,45.9,100.0,100.0,39.544,100.0,100.0,100.0,100.0,100.0,99.5,95.3,61.8,36.5,21.3,3.9
Jharkhand,2023,48.9,46.6,100.0,100.0,39.544,100.0,100.0,100.0,100.0,100.0,99.2,87.3,59.3,41.0,29.5,11.7
Karnataka,1998,12.8,12.5,100.0,99.9,54.029,100.0,87.1,21.5,0.0,0.0,0.0,0.0,0.0,0.0,0.0,0.0
Karnataka,1999,14.0,13.7,100.0,99.9,54.029,100.0,95.4,33.3,0.0,0.0,0.0,0.0,0.0,0.0,0.0,0.0
Karnataka,2000,18.9,18.4,100.0,99.9,54.029,100.0,99.9,89.2,0.1,0.0,0.0,0.0,0.0,0.0,0.0,0.0
Karnataka,2001,19.6,19.0,100.0,99.9,54.844,100.0,100.0,93.8,0.4,0.0,0.0,0.0,0.0,0.0,0.0,0.0
Karnataka,2002,20.7,20.2,100.0,99.9,55.659,100.0,100.0,97.4,3.0,0.0,0.0,0.0,0.0,0.0,0.0,0.0
Karnataka,2003,21.3,20.9,100.0,99.9,56.475,100.0,100.0,97.9,7.3,0.0,0.0,0.0,0.0,0.0,0.0,0.0
Karnataka,2004,21.3,20.5,100.0,99.9,57.29,100.0,100.0,97.9,15.1,0.0,0.0,0.0,0.0,0.0,0.0,0.0
Karnataka,2005,23.3,22.6,100.0,99.9,58.105,100.0,100.0,97.5,39.6,1.0,0.0,0.0,0.0,0.0,0.0,0.0
Karnataka,2006,23.3,22.6,100.0,99.9,58.88,100.0,100.0,99.2,40.1,2.3,0.0,0.0,0.0,0.0,0.0,0.0
Karnataka,2007,25.1,24.5,100.0,99.9,59.655,100.0,100.0,99.7,53.1,7.6,0.0,0.0,0.0,0.0,0.0,0.0
Karnataka,2008,25.9,25.0,100.0,99.9,60.429,100.0,100.0,99.9,56.6,20.1,0.1,0.0,0.0,0.0,0.0,0.0
Karnataka,2009,26.7,26.0,100.0,99.9,61.204,100.0,100.0,99.9,65.9,23.2,0.7,0.0,0.0,0.0,0.0,0.0
Karnataka,2010,25.7,24.8,100.0,99.9,61.978,100.0,100.0,99.7,57.4,16.0,0.2,0.0,0.0,0.0,0.0,0.0
Karnataka,2011,26.1,25.1,100.0,99.9,62.695,100.0,100.0,99.9,61.4,19.8,0.7,0.0,0.0,0.0,0.0,0.0
Karnataka,2012,25.9,24.9,100.0,99.9,63.412,100.0,100.0,100.0,57.9,15.4,0.8,0.0,0.0,0.0,0.0,0.0
Karnataka,2013,24.5,23.7,100.0,99.9,64.129,100.0,100.0,99.1,46.1,11.4,0.2,0.0,0.0,0.0,0.0,0.0
Karnataka,2014,27.1,26.5,100.0,99.9,64.846,100.0,100.0,100.0,69.9,26.1,1.6,0.0,0.0,0.0,0.0,0.0
Karnataka,2015,26.2,25.6,100.0,99.9,65.563,100.0,100.0,100.0,57.1,21.0,1.5,0.0,0.0,0.0,0.0,0.0
Karnataka,2016,28.7,26.9,100.0,99.9,66.273,100.0,100.0,100.0,70.6,40.9,12.3,2.9,0.0,0.0,0.0,0.0
Karnataka,2017,27.3,26.5,100.0,99.9,66.983,100.0,100.0,99.8,66.4,29.9,8.1,0.1,0.0,0.0,0.0,0.0
Karnataka,2018,28.2,27.1,100.0,99.9,67.694,100.0,100.0,100.0,74.3,32.5,9.9,0.9,0.0,0.0,0.0,0.0
Karnataka,2019,26.0,24.6,100.0,99.9,68.404,100.0,100.0,99.8,56.7,21.6,4.9,0.1,0.0,0.0,0.0,0.0
Karnataka,2020,25.7,24.9,100.0,99.9,69.114,100.0,100.0,99.4,49.6,21.3,2.3,0.0,0.0,0.0,0.0,0.0
Karnataka,2021,26.8,25.8,100.0,99.9,69.114,100.0,100.0,100.0,60.0,25.1,6.9,0.2,0.0,0.0,0.0,0.0
Karnataka,2022,26.1,24.9,100.0,99.9,69.114,100.0,100.0,99.6,55.9,20.6,4.3,0.0,0.0,0.0,0.0,0.0
Karnataka,2023,24.9,24.2,100.0,99.9,69.114,100.0,100.0,99.6,42.1,14.9,0.3,0.0,0.0,0.0,0.0,0.0
Kerala,1998,11.9,10.5,100.0,100.0,31.798,100.0,68.8,21.6,0.0,0.0,0.0,0.0,0.0,0.0,0.0,0.0
Kerala,1999,12.6,11.2,100.0,100.0,31.798,100.0,75.9,29.5,0.0,0.0,0.0,0.0,0.0,0.0,0.0,0.0
Kerala,2000,15.3,13.9,100.0,100.0,31.798,100.0,95.6,50.9,0.0,0.0,0.0,0.0,0.0,0.0,0.0,0.0
Kerala,2001,16.0,14.8,100.0,100.0,31.967,100.0,99.2,60.3,0.0,0.0,0.0,0.0,0.0,0.0,0.0,0.0
Kerala,2002,16.7,15.4,100.0,100.0,32.136,100.0,99.8,69.8,0.0,0.0,0.0,0.0,0.0,0.0,0.0,0.0
Kerala,2003,18.1,16.7,100.0,100.0,32.305,100.0,99.9,80.3,2.8,0.0,0.0,0.0,0.0,0.0,0.0,0.0
Kerala,2004,19.1,17.5,100.0,100.0,32.475,100.0,100.0,86.4,6.7,0.0,0.0,0.0,0.0,0.0,0.0,0.0
Kerala,2005,18.3,16.8,100.0,100.0,32.644,100.0,99.9,84.1,3.8,0.0,0.0,0.0,0.0,0.0,0.0,0.0
Kerala,2006,19.2,17.6,100.0,100.0,32.746,100.0,100.0,91.0,6.0,0.0,0.0,0.0,0.0,0.0,0.0,0.0
Kerala,2007,20.8,18.9,100.0,100.0,32.848,100.0,100.0,93.9,12.2,0.0,0.0,0.0,0.0,0.0,0.0,0.0
Kerala,2008,21.6,19.6,100.0,100.0,32.951,100.0,100.0,96.2,21.4,3.0,0.0,0.0,0.0,0.0,0.0,0.0
Kerala,2009,22.0,19.9,100.0,100.0,33.053,100.0,100.0,95.7,25.2,3.8,0.0,0.0,0.0,0.0,0.0,0.0
Kerala,2010,20.3,18.6,100.0,100.0,33.155,100.0,100.0,94.7,7.6,0.0,0.0,0.0,0.0,0.0,0.0,0.0
Kerala,2011,22.6,20.7,100.0,100.0,33.185,100.0,100.0,97.6,28.0,4.1,0.0,0.0,0.0,0.0,0.0,0.0
Kerala,2012,22.1,20.3,100.0,100.0,33.215,100.0,100.0,98.2,21.3,3.2,0.0,0.0,0.0,0.0,0.0,0.0
Kerala,2013,20.1,18.4,100.0,100.0,33.245,100.0,100.0,93.6,7.3,0.0,0.0,0.0,0.0,0.0,0.0,0.0
Kerala,2014,23.0,21.2,100.0,100.0,33.275,100.0,100.0,98.2,30.3,3.5,0.0,0.0,0.0,0.0,0.0,0.0
Kerala,2015,21.6,20.0,100.0,100.0,33.305,100.0,100.0,95.8,19.0,1.7,0.0,0.0,0.0,0.0,0.0,0.0
Kerala,2016,24.0,22.1,100.0,100.0,33.293,100.0,100.0,98.9,40.4,9.9,0.6,0.0,0.0,0.0,0.0,0.0
Kerala,2017,23.7,21.7,100.0,100.0,33.28,100.0,100.0,98.2,39.6,5.6,0.1,0.0,0.0,0.0,0.0,0.0
Kerala,2018,26.4,24.3,100.0,100.0,33.267,100.0,100.0,99.9,61.6,19.3,3.2,0.0,0.0,0.0,0.0,0.0
Kerala,2019,20.5,18.7,100.0,100.0,33.255,100.0,100.0,94.9,8.3,0.0,0.0,0.0,0.0,0.0,0.0,0.0
Kerala,2020,21.1,19.2,100.0,100.0,33.242,100.0,100.0,94.6,13.0,0.2,0.0,0.0,0.0,0.0,0.0,0.0
Kerala,2021,22.6,20.8,100.0,100.0,33.242,100.0,100.0,96.8,26.4,1.7,0.0,0.0,0.0,0.0,0.0,0.0
Kerala,2022,21.5,19.7,100.0,100.0,33.242,100.0,100.0,95.7,15.1,3.3,0.0,0.0,0.0,0.0,0.0,0.0
Kerala,2023,21.4,19.6,100.0,100.0,33.242,100.0,100.0,95.2,15.7,1.5,0.0,0.0,0.0,0.0,0.0,0.0
Lakshadweep,1998,23.7,23.8,91.0,87.5,0.024,100.0,100.0,100.0,40.2,0.0,0.0,0.0,0.0,0.0,0.0,0.0
Lakshadweep,1999,27.1,27.1,91.0,87.5,0.024,100.0,100.0,100.0,83.6,11.3,0.0,0.0,0.0,0.0,0.0,0.0
Lakshadweep,2000,22.5,22.5,91.0,87.5,0.024,100.0,100.0,100.0,7.3,0.0,0.0,0.0,0.0,0.0,0.0,0.0
Lakshadweep,2001,21.9,21.9,91.0,87.5,0.025,100.0,100.0,100.0,0.0,0.0,0.0,0.0,0.0,0.0,0.0,0.0
Lakshadweep,2002,24.7,24.6,91.0,87.5,0.025,100.0,100.0,100.0,40.2,0.0,0.0,0.0,0.0,0.0,0.0,0.0
Lakshadweep,2003,25.6,25.6,91.0,87.5,0.025,100.0,100.0,100.0,75.3,0.0,0.0,0.0,0.0,0.0,0.0,0.0
Lakshadweep,2004,25.9,25.9,91.0,87.5,0.025,100.0,100.0,100.0,83.6,0.0,0.0,0.0,0.0,0.0,0.0,0.0
Lakshadweep,2005,25.1,25.1,91.0,87.5,0.025,100.0,100.0,100.0,56.3,0.0,0.0,0.0,0.0,0.0,0.0,0.0
Lakshadweep,2006,24.8,24.8,91.0,87.5,0.025,100.0,100.0,100.0,42.2,0.0,0.0,0.0,0.0,0.0,0.0,0.0
Lakshadweep,2007,30.6,30.6,91.0,87.5,0.025,100.0,100.0,100.0,100.0,65.7,7.3,0.0,0.0,0.0,0.0,0.0
Lakshadweep,2008,30.0,30.2,91.0,87.5,0.026,100.0,100.0,100.0,97.2,46.0,0.0,0.0,0.0,0.0,0.0,0.0
Lakshadweep,2009,32.9,32.7,91.0,87.5,0.026,100.0,100.0,100.0,100.0,83.6,15.7,0.0,0.0,0.0,0.0,0.0
Lakshadweep,2010,27.6,27.6,91.0,87.5,0.026,100.0,100.0,100.0,83.6,15.7,0.0,0.0,0.0,0.0,0.0,0.0
Lakshadweep,2011,28.9,28.9,91.0,87.5,0.026,100.0,100.0,100.0,83.6,34.1,0.0,0.0,0.0,0.0,0.0,0.0
Lakshadweep,2012,25.2,25.2,91.0,87.5,0.026,100.0,100.0,100.0,62.8,0.0,0.0,0.0,0.0,0.0,0.0,0.0
Lakshadweep,2013,25.2,25.2,91.0,87.5,0.026,100.0,100.0,100.0,79.5,0.0,0.0,0.0,0.0,0.0,0.0,0.0
Lakshadweep,2014,28.3,28.3,91.0,87.5,0.026,100.0,100.0,100.0,83.6,19.5,0.0,0.0,0.0,0.0,0.0,0.0
Lakshadweep,2015,26.5,26.7,91.0,87.5,0.026,100.0,100.0,100.0,79.5,17.2,0.0,0.0,0.0,0.0,0.0,0.0
Lakshadweep,2016,29.7,29.9,91.0,87.5,0.026,100.0,100.0,100.0,97.2,56.4,3.0,0.0,0.0,0.0,0.0,0.0
Lakshadweep,2017,29.3,29.5,91.0,87.5,0.026,100.0,100.0,100.0,83.6,57.7,0.0,0.0,0.0,0.0,0.0,0.0
Lakshadweep,2018,27.1,27.4,91.0,87.5,0.026,100.0,100.0,100.0,87.9,7.5,0.0,0.0,0.0,0.0,0.0,0.0
Lakshadweep,2019,22.5,22.8,91.0,87.5,0.026,100.0,100.0,100.0,9.7,0.0,0.0,0.0,0.0,0.0,0.0,0.0
Lakshadweep,2020,25.0,25.1,91.0,87.5,0.026,100.0,100.0,100.0,68.1,3.0,0.0,0.0,0.0,0.0,0.0,0.0
Lakshadweep,2021,26.5,26.7,91.0,87.5,0.026,100.0,100.0,100.0,83.6,14.3,0.0,0.0,0.0,0.0,0.0,0.0
Lakshadweep,2022,24.8,25.0,91.0,87.5,0.026,100.0,100.0,100.0,37.8,3.0,0.0,0.0,0.0,0.0,0.0,0.0
Lakshadweep,2023,25.8,26.0,91.0,87.5,0.026,100.0,100.0,100.0,83.6,5.3,0.0,0.0,0.0,0.0,0.0,0.0
Madhya Pradesh,1998,24.3,23.1,100.0,100.0,61.749,100.0,100.0,99.3,32.0,12.0,8.1,5.6,3.2,0.7,0.0,0.0
Madhya Pradesh,1999,25.1,24.0,100.0,100.0,61.749,100.0,100.0,99.1,36.6,15.1,8.5,5.7,3.5,1.0,0.0,0.0
Madhya Pradesh,2000,30.5,29.7,100.0,100.0,61.749,100.0,100.0,100.0,93.1,42.4,11.4,7.1,4.9,3.1,0.8,0.0
Madhya Pradesh,2001,32.3,31.5,100.0,100.0,62.974,100.0,100.0,100.0,98.7,59.3,15.4,8.7,6.2,4.3,2.9,0.9
Madhya Pradesh,2002,34.6,33.7,100.0,100.0,64.2,100.0,100.0,100.0,99.2,77.5,34.2,11.5,8.3,6.2,3.9,2.2
Madhya Pradesh,2003,36.7,35.6,100.0,100.0,65.425,100.0,100.0,100.0,99.8,88.2,48.8,18.0,9.8,7.2,4.9,3.6
Madhya Pradesh,2004,36.8,35.7,100.0,100.0,66.651,100.0,100.0,100.0,99.9,91.5,50.5,16.9,9.4,6.9,4.8,3.6
Madhya Pradesh,2005,35.0,33.8,100.0,100.0,67.876,100.0,100.0,100.0,98.8,78.6,36.1,12.3,8.4,6.4,4.6,3.5
Madhya Pradesh,2006,36.5,35.4,100.0,100.0,69.064,100.0,100.0,100.0,99.8,89.6,57.9,16.1,7.9,5.6,3.7,2.2
Madhya Pradesh,2007,38.9,37.8,100.0,100.0,70.252,100.0,100.0,100.0,100.0,97.4,73.8,27.0,10.6,7.8,5.7,4.0
Madhya Pradesh,2008,42.9,41.7,100.0,100.0,71.44,100.0,100.0,100.0,100.0,99.8,92.5,57.1,20.9,11.5,8.6,6.4
Madhya Pradesh,2009,40.8,39.5,100.0,100.0,72.629,100.0,100.0,100.0,100.0,98.8,84.7,42.9,13.3,8.8,7.0,5.2
Madhya Pradesh,2010,39.8,38.3,100.0,100.0,73.817,100.0,100.0,100.0,99.9,96.6,74.2,31.1,12.8,9.5,7.8,6.1
Madhya Pradesh,2011,43.7,42.2,100.0,100.0,74.934,100.0,100.0,100.0,100.0,99.5,91.3,65.8,31.5,11.4,8.1,6.4
Madhya Pradesh,2012,44.1,42.4,100.0,100.0,76.05,100.0,100.0,100.0,100.0,99.3,89.2,66.4,35.5,14.5,9.5,6.8
Madhya Pradesh,2013,44.1,42.6,100.0,100.0,77.167,100.0,100.0,100.0,100.0,99.9,94.9,72.6,32.7,11.4,7.3,5.8
Madhya Pradesh,2014,43.4,41.9,100.0,100.0,78.284,100.0,100.0,100.0,100.0,99.9,92.6,67.6,28.6,9.6,6.8,5.3
Madhya Pradesh,2015,44.5,43.1,100.0,100.0,79.401,100.0,100.0,100.0,100.0,100.0,96.7,74.2,33.6,12.4,7.5,6.0
Madhya Pradesh,2016,44.6,43.0,100.0,100.0,80.494,100.0,100.0,100.0,100.0,99.4,94.1,72.0,35.3,14.0,8.2,6.2
Madhya Pradesh,2017,48.1,46.3,100.0,100.0,81.586,100.0,100.0,100.0,100.0,100.0,99.0,89.2,63.4,26.1,10.4,7.4
Madhya Pradesh,2018,47.0,45.2,100.0,100.0,82.679,100.0,100.0,100.0,100.0,100.0,98.6,84.6,54.9,22.7,10.5,6.9
Madhya Pradesh,2019,47.0,45.2,100.0,100.0,83.772,100.0,100.0,100.0,100.0,99.9,97.7,84.5,55.2,20.2,9.9,7.3
Madhya Pradesh,2020,43.4,41.7,100.0,100.0,84.865,100.0,100.0,100.0,100.0,99.5,91.3,65.2,26.8,10.7,7.2,5.7
Madhya Pradesh,2021,46.3,44.6,100.0,100.0,84.865,100.0,100.0,100.0,100.0,100.0,98.2,84.9,51.7,19.4,8.2,5.5
Madhya Pradesh,2022,42.2,40.6,100.0,100.0,84.865,100.0,100.0,100.0,100.0,99.2,89.5,58.3,22.2,8.8,5.9,4.2
Madhya Pradesh,2023,42.3,40.7,100.0,100.0,84.865,100.0,100.0,100.0,100.0,99.4,86.6,59.4,23.2,10.3,6.8,4.9
Maharashtra,1998,21.3,19.1,99.8,99.9,98.293,100.0,100.0,91.6,21.6,10.2,0.3,0.0,0.0,0.0,0.0,0.0
Maharashtra,1999,21.7,19.7,99.8,99.9,98.293,100.0,100.0,92.6,25.1,12.3,0.5,0.0,0.0,0.0,0.0,0.0
Maharashtra,2000,26.8,25.2,99.8,99.9,98.293,100.0,100.0,100.0,62.9,20.0,6.7,0.0,0.0,0.0,0.0,0.0
Maharashtra,2001,28.0,26.9,99.8,99.9,99.841,100.0,100.0,100.0,78.3,30.5,4.6,0.0,0.0,0.0,0.0,0.0
Maharashtra,2002,28.7,27.5,99.8,99.9,101.389,100.0,100.0,100.0,85.6,35.2,4.1,0.0,0.0,0.0,0.0,0.0
Maharashtra,2003,31.0,29.4,99.8,99.9,102.937,100.0,100.0,100.0,93.9,57.1,16.9,0.2,0.0,0.0,0.0,0.0
Maharashtra,2004,31.7,30.1,99.8,99.9,104.484,100.0,100.0,100.0,92.5,64.6,23.8,3.9,0.0,0.0,0.0,0.0
Maharashtra,2005,32.2,30.6,99.8,99.9,106.032,100.0,100.0,100.0,96.8,71.9,23.6,1.3,0.0,0.0,0.0,0.0
Maharashtra,2006,34.1,32.5,99.8,99.9,107.492,100.0,100.0,100.0,96.6,83.7,43.3,7.2,0.0,0.0,0.0,0.0
Maharashtra,2007,34.9,33.3,99.8,99.9,108.952,100.0,100.0,100.0,99.4,89.7,44.5,15.4,0.6,0.0,0.0,0.0
Maharashtra,2008,37.8,36.0,99.8,99.9,110.412,100.0,100.0,100.0,99.8,95.1,70.6,34.1,8.6,0.1,0.0,0.0
Maharashtra,2009,36.7,34.7,99.8,99.9,111.872,100.0,100.0,100.0,99.9,95.6,59.4,24.5,3.6,0.0,0.0,0.0
Maharashtra,2010,35.7,33.6,99.8,99.9,113.332,100.0,100.0,100.0,99.7,92.0,53.5,19.9,0.9,0.0,0.0,0.0
Maharashtra,2011,37.7,35.6,99.8,99.9,114.664,100.0,100.0,100.0,99.8,94.3,68.1,32.6,12.1,0.0,0.0,0.0
Maharashtra,2012,38.2,35.6,99.8,99.9,115.996,100.0,100.0,100.0,100.0,96.0,70.9,33.8,13.1,2.6,0.0,0.0
Maharashtra,2013,38.9,36.9,99.8,99.9,117.328,100.0,100.0,100.0,98.8,94.3,73.0,45.2,16.4,0.8,0.0,0.0
Maharashtra,2014,39.1,37.1,99.8,99.9,118.66,100.0,100.0,100.0,100.0,97.3,77.8,38.5,16.4,2.0,0.0,0.0
Maharashtra,2015,43.8,39.6,99.8,99.9,119.992,100.0,100.0,100.0,99.9,97.8,88.3,60.4,35.1,21.8,12.4,7.9
Maharashtra,2016,41.3,38.0,99.8,99.9,121.278,100.0,100.0,100.0,100.0,97.0,84.5,46.7,26.2,17.3,5.8,0.3
Maharashtra,2017,43.4,40.9,99.8,99.9,122.564,100.0,100.0,100.0,100.0,98.1,92.7,68.7,42.7,14.5,2.8,0.0
Maharashtra,2018,44.4,41.1,99.8,99.9,123.85,100.0,100.0,100.0,100.0,99.8,93.4,67.8,40.8,21.6,10.4,6.2
Maharashtra,2019,40.6,39.1,99.8,99.9,125.136,100.0,100.0,100.0,99.8,96.3,80.3,54.3,26.9,4.8,0.2,0.0
Maharashtra,2020,39.4,38.3,99.8,99.9,126.422,100.0,100.0,100.0,100.0,97.4,77.4,42.2,18.4,3.2,0.1,0.0
Maharashtra,2021,43.1,42.0,99.8,99.9,126.422,100.0,100.0,100.0,100.0,99.9,94.4,70.8,35.6,9.3,0.5,0.0
Maharashtra,2022,40.7,38.8,99.8,99.9,126.422,100.0,100.0,100.0,100.0,97.8,87.0,54.6,21.8,3.7,0.1,0.0
Maharashtra,2023,40.1,38.5,99.8,99.9,126.422,100.0,100.0,100.0,100.0,97.3,78.1,51.0,23.2,4.3,0.0,0.0
Manipur,1998,19.9,18.4,100.0,100.0,2.374,100.0,100.0,98.9,0.0,0.0,0.0,0.0,0.0,0.0,0.0,0.0
Manipur,1999,20.2,18.8,100.0,100.0,2.374,100.0,100.0,99.2,0.3,0.0,0.0,0.0,0.0,0.0,0.0,0.0
Manipur,2000,23.2,20.5,100.0,100.0,2.374,100.0,100.0,99.9,40.2,0.0,0.0,0.0,0.0,0.0,0.0,0.0
Manipur,2001,22.6,19.7,100.0,100.0,2.428,100.0,100.0,100.0,30.5,0.0,0.0,0.0,0.0,0.0,0.0,0.0
Manipur,2002,25.0,21.5,100.0,100.0,2.482,100.0,100.0,100.0,53.2,11.5,0.0,0.0,0.0,0.0,0.0,0.0
Manipur,2003,25.3,22.0,100.0,100.0,2.537,100.0,100.0,100.0,54.5,13.1,0.0,0.0,0.0,0.0,0.0,0.0
Manipur,2004,25.4,23.0,100.0,100.0,2.591,100.0,100.0,100.0,58.0,4.8,0.0,0.0,0.0,0.0,0.0,0.0
Manipur,2005,26.9,23.2,100.0,100.0,2.645,100.0,100.0,100.0,62.3,35.0,0.2,0.0,0.0,0.0,0.0,0.0
Manipur,2006,30.5,27.8,100.0,100.0,2.701,100.0,100.0,100.0,84.2,59.0,14.5,0.0,0.0,0.0,0.0,0.0
Manipur,2007,27.9,25.4,100.0,100.0,2.757,100.0,100.0,100.0,73.0,43.2,0.0,0.0,0.0,0.0,0.0,0.0
Manipur,2008,26.5,23.0,100.0,100.0,2.814,100.0,100.0,100.0,61.3,33.9,0.1,0.0,0.0,0.0,0.0,0.0
Manipur,2009,30.7,28.1,100.0,100.0,2.87,100.0,100.0,100.0,86.2,58.1,19.6,0.0,0.0,0.0,0.0,0.0
Manipur,2010,28.5,24.5,100.0,100.0,2.926,100.0,100.0,100.0,70.3,52.2,13.6,0.0,0.0,0.0,0.0,0.0
Manipur,2011,29.8,26.0,100.0,100.0,2.984,100.0,100.0,100.0,75.3,54.6,20.3,0.0,0.0,0.0,0.0,0.0
Manipur,2012,34.2,29.6,100.0,100.0,3.042,100.0,100.0,100.0,86.1,70.4,52.0,23.7,1.1,0.0,0.0,0.0
Manipur,2013,29.9,25.4,100.0,100.0,3.099,100.0,100.0,100.0,72.2,53.9,29.0,1.6,0.0,0.0,0.0,0.0
Manipur,2014,29.5,25.6,100.0,100.0,3.157,100.0,100.0,100.0,72.3,54.0,20.4,0.0,0.0,0.0,0.0,0.0
Manipur,2015,30.8,26.9,100.0,100.0,3.215,100.0,100.0,100.0,77.3,59.5,35.5,2.7,0.0,0.0,0.0,0.0
Manipur,2016,29.4,25.4,100.0,100.0,3.277,100.0,100.0,100.0,72.4,50.5,17.8,0.2,0.0,0.0,0.0,0.0
Manipur,2017,27.4,24.2,100.0,100.0,3.34,100.0,100.0,100.0,64.5,42.0,3.1,0.0,0.0,0.0,0.0,0.0
Manipur,2018,35.6,30.6,100.0,100.0,3.402,100.0,100.0,100.0,86.1,71.2,55.8,40.6,10.2,0.0,0.0,0.0
Manipur,2019,29.0,25.3,100.0,100.0,3.464,100.0,100.0,100.0,69.0,53.4,15.3,0.0,0.0,0.0,0.0,0.0
Manipur,2020,30.0,26.0,100.0,100.0,3.526,100.0,100.0,100.0,71.2,54.4,32.5,2.8,0.0,0.0,0.0,0.0
Manipur,2021,32.7,28.6,100.0,100.0,3.526,100.0,100.0,100.0,79.8,63.6,47.7,13.9,0.0,0.0,0.0,0.0
Manipur,2022,26.5,22.8,100.0,100.0,3.526,100.0,100.0,100.0,58.6,39.8,3.1,0.0,0.0,0.0,0.0,0.0
Manipur,2023,26.4,23.1,100.0,100.0,3.526,100.0,100.0,100.0,57.9,34.0,2.9,0.0,0.0,0.0,0.0,0.0
Meghalaya,1998,18.3,18.0,100.0,100.0,2.721,100.0,91.9,62.0,17.6,3.7,0.8,0.0,0.0,0.0,0.0,0.0
Meghalaya,1999,18.3,17.9,100.0,100.0,2.721,100.0,90.4,61.7,19.0,2.4,0.2,0.0,0.0,0.0,0.0,0.0
Meghalaya,2000,24.3,24.0,100.0,100.0,2.721,100.0,100.0,99.6,42.2,21.4,6.0,0.9,0.0,0.0,0.0,0.0
Meghalaya,2001,26.1,25.9,100.0,100.0,2.791,100.0,100.0,100.0,50.9,26.8,8.0,1.7,0.0,0.0,0.0,0.0
Meghalaya,2002,25.5,25.4,100.0,100.0,2.861,100.0,100.0,100.0,54.1,22.6,3.9,0.2,0.0,0.0,0.0,0.0
Meghalaya,2003,27.5,27.1,100.0,100.0,2.931,100.0,100.0,100.0,61.6,34.6,15.0,1.8,0.0,0.0,0.0,0.0
Meghalaya,2004,27.3,27.0,100.0,100.0,3.001,100.0,100.0,100.0,59.2,30.8,12.9,2.6,0.0,0.0,0.0,0.0
Meghalaya,2005,28.5,28.1,100.0,100.0,3.071,100.0,100.0,100.0,61.9,42.0,23.2,5.8,0.8,0.0,0.0,0.0
Meghalaya,2006,32.9,32.5,100.0,100.0,3.142,100.0,100.0,100.0,83.7,62.4,37.2,21.2,6.3,0.8,0.0,0.0
Meghalaya,2007,29.6,29.3,100.0,100.0,3.214,100.0,100.0,100.0,67.7,47.6,26.2,9.8,1.4,0.0,0.0,0.0
Meghalaya,2008,29.8,29.5,100.0,100.0,3.285,100.0,100.0,100.0,68.3,47.6,25.3,8.8,1.3,0.0,0.0,0.0
Meghalaya,2009,36.7,36.5,100.0,100.0,3.356,100.0,100.0,100.0,95.9,75.8,55.5,30.8,17.7,5.7,0.8,0.0
Meghalaya,2010,28.9,27.9,100.0,100.0,3.428,100.0,100.0,97.9,59.7,42.7,28.9,14.5,6.4,2.8,0.1,0.0
Meghalaya,2011,32.0,31.6,100.0,100.0,3.499,100.0,100.0,100.0,78.1,56.6,33.1,18.4,7.1,1.2,0.0,0.0
Meghalaya,2012,38.2,37.3,100.0,100.0,3.57,100.0,100.0,100.0,98.5,75.6,58.7,39.5,25.5,12.4,2.2,0.5
Meghalaya,2013,31.5,30.8,100.0,100.0,3.642,100.0,100.0,100.0,72.0,53.0,33.1,18.8,8.9,1.7,0.3,0.0
Meghalaya,2014,32.4,31.7,100.0,100.0,3.713,100.0,100.0,100.0,73.3,57.3,37.4,23.9,11.4,1.6,0.0,0.0
Meghalaya,2015,32.2,31.9,100.0,100.0,3.784,100.0,100.0,100.0,80.7,56.1,36.6,18.7,5.4,0.7,0.0,0.0
Meghalaya,2016,30.5,30.2,100.0,100.0,3.858,100.0,100.0,100.0,78.2,47.9,26.3,9.1,0.9,0.0,0.0,0.0
Meghalaya,2017,32.5,31.6,100.0,100.0,3.931,100.0,100.0,100.0,82.1,56.0,34.9,21.0,8.8,1.3,0.0,0.0
Meghalaya,2018,39.0,38.6,100.0,100.0,4.004,100.0,100.0,100.0,99.6,81.6,60.8,40.9,26.7,15.7,6.2,1.0
Meghalaya,2019,32.9,32.3,100.0,100.0,4.078,100.0,100.0,100.0,75.0,60.4,40.0,23.9,12.4,2.8,0.4,0.0
Meghalaya,2020,35.1,34.7,100.0,100.0,4.151,100.0,100.0,100.0,83.1,67.2,47.9,30.1,17.2,7.1,1.3,0.4
Meghalaya,2021,36.4,36.1,100.0,100.0,4.151,100.0,100.0,100.0,86.1,71.3,56.7,36.1,20.7,8.2,1.1,0.1
Meghalaya,2022,27.5,26.7,100.0,100.0,4.151,100.0,100.0,100.0,54.8,34.3,19.1,6.3,1.4,0.4,0.0,0.0
Meghalaya,2023,31.4,30.6,100.0,100.0,4.151,100.0,100.0,100.0,88.0,48.0,28.1,12.2,2.9,0.3,0.0,0.0
Mizoram,1998,22.1,22.6,100.0,100.0,0.947,100.0,100.0,99.6,18.7,2.5,0.0,0.0,0.0,0.0,0.0,0.0
Mizoram,1999,23.0,24.0,100.0,100.0,0.947,100.0,100.0,99.8,24.8,16.4,3.6,0.0,0.0,0.0,0.0,0.0
Mizoram,2000,27.0,27.6,100.0,100.0,0.947,100.0,100.0,100.0,63.3,23.5,9.1,1.2,0.0,0.0,0.0,0.0
Mizoram,2001,26.1,26.8,100.0,100.0,0.968,100.0,100.0,99.9,47.6,21.1,10.6,3.1,0.2,0.0,0.0,0.0
Mizoram,2002,26.6,27.0,100.0,100.0,0.989,100.0,100.0,99.9,63.4,19.5,7.2,0.7,0.0,0.0,0.0,0.0
Mizoram,2003,28.5,28.9,100.0,100.0,1.011,100.0,100.0,100.0,78.2,26.1,13.1,4.0,0.0,0.0,0.0,0.0
Mizoram,2004,28.7,29.0,100.0,100.0,1.032,100.0,100.0,100.0,84.7,25.1,10.2,0.7,0.0,0.0,0.0,0.0
Mizoram,2005,27.8,28.4,100.0,100.0,1.053,100.0,100.0,100.0,75.6,24.2,9.2,1.1,0.0,0.0,0.0,0.0
Mizoram,2006,35.0,35.3,100.0,100.0,1.075,100.0,100.0,100.0,99.7,84.5,50.6,14.6,2.2,0.0,0.0,0.0
Mizoram,2007,31.4,31.5,100.0,100.0,1.096,100.0,100.0,100.0,91.2,63.2,20.4,3.5,0.0,0.0,0.0,0.0
Mizoram,2008,29.2,29.4,100.0,100.0,1.117,100.0,100.0,100.0,80.1,39.1,13.8,3.2,0.0,0.0,0.0,0.0
Mizoram,2009,35.6,35.7,100.0,100.0,1.139,100.0,100.0,100.0,99.2,85.6,53.0,17.8,8.6,0.4,0.0,0.0
Mizoram,2010,30.8,31.0,100.0,100.0,1.16,100.0,100.0,100.0,88.1,53.4,21.5,7.1,0.1,0.0,0.0,0.0
Mizoram,2011,31.7,31.7,100.0,100.0,1.18,100.0,100.0,100.0,92.0,66.2,22.9,6.7,0.0,0.0,0.0,0.0
Mizoram,2012,33.3,33.6,100.0,100.0,1.201,100.0,100.0,100.0,97.3,74.7,33.5,9.9,0.5,0.0,0.0,0.0
Mizoram,2013,27.8,27.7,100.0,100.0,1.222,100.0,100.0,100.0,72.1,28.8,6.9,0.2,0.0,0.0,0.0,0.0
Mizoram,2014,30.1,30.1,100.0,100.0,1.243,100.0,100.0,100.0,85.8,44.8,17.6,5.2,0.0,0.0,0.0,0.0
Mizoram,2015,31.3,31.1,100.0,100.0,1.263,100.0,100.0,100.0,92.3,62.2,18.0,3.5,0.0,0.0,0.0,0.0
Mizoram,2016,28.4,28.1,100.0,100.0,1.284,100.0,100.0,100.0,83.1,30.4,5.3,0.0,0.0,0.0,0.0,0.0
Mizoram,2017,25.1,24.9,100.0,100.0,1.305,100.0,100.0,100.0,49.3,6.7,0.0,0.0,0.0,0.0,0.0,0.0
Mizoram,2018,33.9,34.0,100.0,100.0,1.326,100.0,100.0,100.0,96.3,75.3,39.3,14.1,2.6,0.1,0.0,0.0
Mizoram,2019,27.5,27.6,100.0,100.0,1.347,100.0,100.0,100.0,67.6,27.8,5.0,0.0,0.0,0.0,0.0,0.0
Mizoram,2020,30.0,29.8,100.0,100.0,1.367,100.0,100.0,100.0,84.4,46.6,18.7,2.5,0.0,0.0,0.0,0.0
Mizoram,2021,35.0,34.9,100.0,100.0,1.367,100.0,100.0,100.0,98.5,80.9,46.5,17.7,6.8,0.0,0.0,0.0
Mizoram,2022,25.8,25.8,100.0,100.0,1.367,100.0,100.0,100.0,51.6,14.3,3.0,0.0,0.0,0.0,0.0,0.0
Mizoram,2023,27.8,28.0,100.0,100.0,1.367,100.0,100.0,100.0,65.1,26.5,13.5,5.8,0.1,0.0,0.0,0.0
Nagaland,1998,22.6,22.5,100.0,100.0,2.061,100.0,100.0,100.0,2.1,0.0,0.0,0.0,0.0,0.0,0.0,0.0
Nagaland,1999,23.3,22.9,100.0,100.0,2.061,100.0,100.0,100.0,20.2,0.2,0.0,0.0,0.0,0.0,0.0,0.0
Nagaland,2000,23.0,22.5,100.0,100.0,2.061,100.0,100.0,100.0,16.1,0.0,0.0,0.0,0.0,0.0,0.0,0.0
Nagaland,2001,22.3,21.6,100.0,100.0,2.056,100.0,100.0,100.0,17.5,0.0,0.0,0.0,0.0,0.0,0.0,0.0
Nagaland,2002,21.7,21.1,100.0,100.0,2.051,100.0,100.0,100.0,14.5,0.0,0.0,0.0,0.0,0.0,0.0,0.0
Nagaland,2003,23.1,22.3,100.0,100.0,2.046,100.0,100.0,100.0,23.4,0.2,0.0,0.0,0.0,0.0,0.0,0.0
Nagaland,2004,23.6,22.7,100.0,100.0,2.042,100.0,100.0,100.0,26.5,8.1,0.0,0.0,0.0,0.0,0.0,0.0
Nagaland,2005,23.2,22.3,100.0,100.0,2.037,100.0,100.0,100.0,23.9,0.4,0.0,0.0,0.0,0.0,0.0,0.0
Nagaland,2006,27.9,27.1,100.0,100.0,2.033,100.0,100.0,100.0,83.9,27.0,0.5,0.0,0.0,0.0,0.0,0.0
Nagaland,2007,25.8,24.9,100.0,100.0,2.03,100.0,100.0,100.0,53.5,18.5,0.0,0.0,0.0,0.0,0.0,0.0
Nagaland,2008,23.7,22.7,100.0,100.0,2.026,100.0,100.0,100.0,29.9,5.7,0.0,0.0,0.0,0.0,0.0,0.0
Nagaland,2009,31.6,30.2,100.0,100.0,2.023,100.0,100.0,100.0,96.0,54.0,26.9,6.1,0.0,0.0,0.0,0.0
Nagaland,2010,24.7,23.4,100.0,100.0,2.019,100.0,100.0,100.0,38.0,20.1,0.1,0.0,0.0,0.0,0.0,0.0
Nagaland,2011,25.3,24.2,100.0,100.0,2.016,100.0,100.0,100.0,42.7,19.8,0.0,0.0,0.0,0.0,0.0,0.0
Nagaland,2012,30.5,29.0,100.0,100.0,2.012,100.0,100.0,100.0,89.0,45.3,24.3,0.3,0.0,0.0,0.0,0.0
Nagaland,2013,25.1,23.7,100.0,100.0,2.009,100.0,100.0,100.0,37.4,21.6,0.0,0.0,0.0,0.0,0.0,0.0
Nagaland,2014,26.2,24.7,100.0,100.0,2.005,100.0,100.0,100.0,43.7,24.5,10.4,0.0,0.0,0.0,0.0,0.0
Nagaland,2015,25.4,24.2,100.0,100.0,2.002,100.0,100.0,100.0,40.4,20.7,0.0,0.0,0.0,0.0,0.0,0.0
Nagaland,2016,24.2,22.9,100.0,100.0,1.999,100.0,100.0,100.0,32.1,14.7,0.0,0.0,0.0,0.0,0.0,0.0
Nagaland,2017,25.0,23.4,100.0,100.0,1.997,100.0,100.0,100.0,36.2,19.8,1.8,0.0,0.0,0.0,0.0,0.0
Nagaland,2018,29.5,27.6,100.0,100.0,1.994,100.0,100.0,100.0,79.4,35.3,21.4,8.6,0.0,0.0,0.0,0.0
Nagaland,2019,25.7,24.1,100.0,100.0,1.991,100.0,100.0,100.0,40.7,23.2,7.6,0.0,0.0,0.0,0.0,0.0
Nagaland,2020,26.2,24.5,100.0,100.0,1.989,100.0,100.0,100.0,48.7,25.6,10.6,0.0,0.0,0.0,0.0,0.0
Nagaland,2021,29.1,27.6,100.0,100.0,1.989,100.0,100.0,100.0,78.3,36.5,16.0,0.0,0.0,0.0,0.0,0.0
Nagaland,2022,21.9,20.7,100.0,100.0,1.989,100.0,100.0,100.0,24.4,0.0,0.0,0.0,0.0,0.0,0.0,0.0
Nagaland,2023,23.5,22.2,100.0,100.0,1.989,100.0,100.0,100.0,27.5,12.8,0.0,0.0,0.0,0.0,0.0,0.0
NCT of Delhi,1998,70.1,68.8,100.0,100.0,13.397,100.0,100.0,100.0,100.0,100.0,100.0,100.0,100.0,100.0,100.0,95.2
NCT of Delhi,1999,72.7,71.6,100.0,100.0,13.397,100.0,100.0,100.0,100.0,100.0,100.0,100.0,100.0,100.0,100.0,97.1
NCT of Delhi,2000,79.8,78.9,100.0,100.0,13.397,100.0,100.0,100.0,100.0,100.0,100.0,100.0,100.0,100.0,100.0,100.0
NCT of Delhi,2001,84.9,83.7,100.0,100.0,13.67,100.0,100.0,100.0,100.0,100.0,100.0,100.0,100.0,100.0,100.0,100.0
NCT of Delhi,2002,89.1,88.3,100.0,100.0,13.943,100.0,100.0,100.0,100.0,100.0,100.0,100.0,100.0,100.0,100.0,100.0
NCT of Delhi,2003,98.6,97.2,100.0,100.0,14.216,100.0,100.0,100.0,100.0,100.0,100.0,100.0,100.0,100.0,100.0,100.0
NCT of Delhi,2004,93.2,92.3,100.0,100.0,14.489,100.0,100.0,100.0,100.0,100.0,100.0,100.0,100.0,100.0,100.0,100.0
NCT of Delhi,2005,89.5,88.4,100.0,100.0,14.762,100.0,100.0,100.0,100.0,100.0,100.0,100.0,100.0,100.0,100.0,100.0
NCT of Delhi,2006,84.6,83.8,100.0,100.0,15.033,100.0,100.0,100.0,100.0,100.0,100.0,100.0,100.0,100.0,100.0,100.0
NCT of Delhi,2007,93.5,92.8,100.0,100.0,15.305,100.0,100.0,100.0,100.0,100.0,100.0,100.0,100.0,100.0,100.0,100.0
NCT of Delhi,2008,102.4,101.3,100.0,100.0,15.576,100.0,100.0,100.0,100.0,100.0,100.0,100.0,100.0,100.0,100.0,100.0
NCT of Delhi,2009,94.4,93.4,100.0,100.0,15.848,100.0,100.0,100.0,100.0,100.0,100.0,100.0,100.0,100.0,100.0,100.0
NCT of Delhi,2010,117.4,115.8,100.0,100.0,16.119,100.0,100.0,100.0,100.0,100.0,100.0,100.0,100.0,100.0,100.0,100.0
NCT of Delhi,2011,121.7,119.7,100.0,100.0,16.382,100.0,100.0,100.0,100.0,100.0,100.0,100.0,100.0,100.0,100.0,100.0
NCT of Delhi,2012,108.3,106.5,100.0,100.0,16.645,100.0,100.0,100.0,100.0,100.0,100.0,100.0,100.0,100.0,100.0,100.0
NCT of Delhi,2013,107.9,105.8,100.0,100.0,16.908,100.0,100.0,100.0,100.0,100.0,100.0,100.0,100.0,100.0,100.0,100.0
NCT of Delhi,2014,102.9,101.3,100.0,100.0,17.171,100.0,100.0,100.0,100.0,100.0,100.0,100.0,100.0,100.0,100.0,100.0
NCT of Delhi,2015,119.7,117.5,100.0,100.0,17.434,100.0,100.0,100.0,100.0,100.0,100.0,100.0,100.0,100.0,100.0,100.0
NCT of Delhi,2016,125.0,122.6,100.0,100.0,17.699,100.0,100.0,100.0,100.0,100.0,100.0,100.0,100.0,100.0,100.0,100.0
NCT of Delhi,2017,119.2,117.3,100.0,100.0,17.964,100.0,100.0,100.0,100.0,100.0,100.0,100.0,100.0,100.0,100.0,100.0
NCT of Delhi,2018,121.1,118.5,100.0,100.0,18.229,100.0,100.0,100.0,100.0,100.0,100.0,100.0,100.0,100.0,100.0,100.0
NCT of Delhi,2019,107.3,105.4,100.0,100.0,18.494,100.0,100.0,100.0,100.0,100.0,100.0,100.0,100.0,100.0,100.0,100.0
NCT of Delhi,2020,96.9,95.4,100.0,100.0,18.759,100.0,100.0,100.0,100.0,100.0,100.0,100.0,100.0,100.0,100.0,100.0
NCT of Delhi,2021,107.0,104.7,100.0,100.0,18.759,100.0,100.0,100.0,100.0,100.0,100.0,100.0,100.0,100.0,100.0,100.0
NCT of Delhi,2022,100.0,98.0,100.0,100.0,18.759,100.0,100.0,100.0,100.0,100.0,100.0,100.0,100.0,100.0,100.0,100.0
NCT of Delhi,2023,100.4,98.9,100.0,100.0,18.759,100.0,100.0,100.0,100.0,100.0,100.0,100.0,100.0,100.0,100.0,100.0
Odisha,1998,21.2,20.5,100.0,99.4,37.93,100.0,99.6,93.8,19.1,4.8,0.9,0.0,0.0,0.0,0.0,0.0
Odisha,1999,23.2,22.0,100.0,99.4,37.93,100.0,99.9,95.3,31.9,8.4,2.1,0.0,0.0,0.0,0.0,0.0
Odisha,2000,25.7,25.6,100.0,99.4,37.93,100.0,100.0,99.7,50.0,22.5,2.5,0.0,0.0,0.0,0.0,0.0
Odisha,2001,28.0,28.4,100.0,99.4,38.464,100.0,100.0,100.0,66.9,34.2,8.5,0.3,0.0,0.0,0.0,0.0
Odisha,2002,29.3,29.3,100.0,99.4,38.997,100.0,100.0,100.0,82.5,43.1,14.3,1.7,0.0,0.0,0.0,0.0
Odisha,2003,29.3,29.4,100.0,99.4,39.531,100.0,100.0,100.0,79.8,42.3,15.3,2.0,0.0,0.0,0.0,0.0
Odisha,2004,31.6,31.4,100.0,99.4,40.065,100.0,100.0,100.0,88.2,56.8,25.1,9.8,1.1,0.0,0.0,0.0
Odisha,2005,32.2,31.9,100.0,99.4,40.599,100.0,100.0,100.0,92.4,65.1,26.3,9.5,0.9,0.0,0.0,0.0
Odisha,2006,33.8,32.9,100.0,99.4,41.076,100.0,100.0,100.0,95.6,79.9,39.0,11.5,1.0,0.1,0.0,0.0
Odisha,2007,35.7,35.4,100.0,99.4,41.553,100.0,100.0,100.0,96.8,84.7,48.4,23.6,9.6,1.3,0.1,0.0
Odisha,2008,41.0,40.0,100.0,99.4,42.03,100.0,100.0,100.0,98.7,95.6,84.1,53.0,25.2,9.2,1.7,0.2
Odisha,2009,39.3,38.1,100.0,99.4,42.507,100.0,100.0,100.0,97.7,94.5,77.2,41.2,18.9,5.3,0.5,0.0
Odisha,2010,36.2,35.2,100.0,99.4,42.985,100.0,100.0,100.0,95.8,83.3,59.0,28.2,8.5,0.6,0.1,0.0
Odisha,2011,41.3,40.2,100.0,99.4,43.388,100.0,100.0,100.0,98.9,95.5,83.5,55.5,30.1,10.8,2.3,0.2
Odisha,2012,39.6,38.2,100.0,99.4,43.792,100.0,100.0,100.0,97.2,93.0,74.8,44.9,24.1,9.0,1.2,0.1
Odisha,2013,40.4,39.4,100.0,99.4,44.196,100.0,100.0,100.0,97.7,91.1,77.1,51.3,27.7,12.1,2.8,0.2
Odisha,2014,43.7,41.9,100.0,99.4,44.6,100.0,100.0,100.0,99.4,96.1,89.3,73.0,44.5,19.0,4.8,0.5
Odisha,2015,41.9,40.9,100.0,99.4,45.004,100.0,100.0,100.0,99.1,95.6,83.5,64.0,30.0,13.5,3.8,0.2
Odisha,2016,41.6,40.4,100.0,99.4,45.365,100.0,100.0,100.0,97.4,93.5,79.2,55.3,32.3,17.7,7.7,1.6
Odisha,2017,44.1,42.7,100.0,99.4,45.726,100.0,100.0,100.0,99.1,95.7,89.6,73.3,42.4,22.1,8.9,2.2
Odisha,2018,45.5,44.0,100.0,99.4,46.087,100.0,100.0,100.0,99.9,97.0,93.0,78.0,55.0,26.4,11.9,2.3
Odisha,2019,43.7,42.1,100.0,99.4,46.448,100.0,100.0,100.0,99.1,95.9,89.8,70.8,40.8,19.4,8.3,1.1
Odisha,2020,42.1,40.4,100.0,99.4,46.81,100.0,100.0,100.0,97.5,93.9,82.3,67.6,29.2,14.3,5.9,1.0
Odisha,2021,43.1,41.8,100.0,99.4,46.81,100.0,100.0,100.0,99.2,96.0,85.4,68.3,35.7,16.8,7.1,1.8
Odisha,2022,35.1,34.4,100.0,99.4,46.81,100.0,100.0,100.0,95.9,82.5,41.2,20.3,9.0,2.6,0.1,0.0
Odisha,2023,40.8,39.8,100.0,99.4,46.81,100.0,100.0,100.0,99.4,95.8,89.2,45.7,22.9,10.0,3.0,0.5
Puducherry,1998,17.0,17.3,100.0,100.0,0.837,100.0,96.4,75.7,0.0,0.0,0.0,0.0,0.0,0.0,0.0,0.0
Puducherry,1999,19.5,19.6,100.0,100.0,0.837,100.0,100.0,77.2,0.0,0.0,0.0,0.0,0.0,0.0,0.0,0.0
Puducherry,2000,21.4,21.5,100.0,100.0,0.837,100.0,100.0,91.9,4.5,0.0,0.0,0.0,0.0,0.0,0.0,0.0
Puducherry,2001,22.0,21.9,100.0,100.0,0.853,100.0,100.0,98.6,6.2,0.0,0.0,0.0,0.0,0.0,0.0,0.0
Puducherry,2002,22.1,21.9,100.0,100.0,0.869,100.0,100.0,100.0,2.7,0.0,0.0,0.0,0.0,0.0,0.0,0.0
Puducherry,2003,23.1,22.7,100.0,100.0,0.884,100.0,100.0,100.0,45.1,0.0,0.0,0.0,0.0,0.0,0.0,0.0
Puducherry,2004,23.7,23.3,100.0,100.0,0.9,100.0,100.0,100.0,54.4,0.0,0.0,0.0,0.0,0.0,0.0,0.0
Puducherry,2005,25.5,25.0,100.0,100.0,0.916,100.0,100.0,100.0,68.3,0.0,0.0,0.0,0.0,0.0,0.0,0.0
Puducherry,2006,24.8,24.4,100.0,100.0,0.931,100.0,100.0,100.0,56.6,0.6,0.0,0.0,0.0,0.0,0.0,0.0
Puducherry,2007,26.5,26.1,100.0,100.0,0.947,100.0,100.0,100.0,75.0,3.3,0.0,0.0,0.0,0.0,0.0,0.0
Puducherry,2008,26.7,26.3,100.0,100.0,0.962,100.0,100.0,100.0,77.1,9.4,0.0,0.0,0.0,0.0,0.0,0.0
Puducherry,2009,27.2,26.8,100.0,100.0,0.977,100.0,100.0,100.0,76.4,8.7,0.0,0.0,0.0,0.0,0.0,0.0
Puducherry,2010,26.2,25.8,100.0,100.0,0.993,100.0,100.0,100.0,77.2,0.0,0.0,0.0,0.0,0.0,0.0,0.0
Puducherry,2011,25.8,25.4,100.0,100.0,1.007,100.0,100.0,100.0,62.2,1.3,0.0,0.0,0.0,0.0,0.0,0.0
Puducherry,2012,26.4,26.1,100.0,100.0,1.022,100.0,100.0,100.0,74.4,1.2,0.0,0.0,0.0,0.0,0.0,0.0
Puducherry,2013,26.1,25.5,100.0,100.0,1.037,100.0,100.0,100.0,68.9,1.3,0.0,0.0,0.0,0.0,0.0,0.0
Puducherry,2014,28.2,28.0,100.0,100.0,1.052,100.0,100.0,100.0,88.4,30.0,1.3,0.0,0.0,0.0,0.0,0.0
Puducherry,2015,28.9,28.1,100.0,100.0,1.066,100.0,100.0,100.0,79.1,47.9,0.0,0.0,0.0,0.0,0.0,0.0
Puducherry,2016,32.6,31.4,100.0,100.0,1.081,100.0,100.0,100.0,89.7,75.2,45.6,0.0,0.0,0.0,0.0,0.0
Puducherry,2017,30.0,29.3,100.0,100.0,1.096,100.0,100.0,100.0,83.1,59.4,1.1,0.0,0.0,0.0,0.0,0.0
Puducherry,2018,32.3,31.6,100.0,100.0,1.111,100.0,100.0,100.0,100.0,76.0,27.2,0.0,0.0,0.0,0.0,0.0
Puducherry,2019,24.8,24.1,100.0,100.0,1.126,100.0,100.0,100.0,57.3,1.4,0.0,0.0,0.0,0.0,0.0,0.0
Puducherry,2020,23.4,23.2,100.0,100.0,1.14,100.0,100.0,100.0,6.8,0.7,0.0,0.0,0.0,0.0,0.0,0.0
Puducherry,2021,24.4,24.2,100.0,100.0,1.14,100.0,100.0,100.0,49.0,1.4,0.0,0.0,0.0,0.0,0.0,0.0
Puducherry,2022,23.6,23.1,100.0,100.0,1.14,100.0,100.0,100.0,29.4,0.0,0.0,0.0,0.0,0.0,0.0,0.0
Puducherry,2023,25.2,24.6,100.0,100.0,1.14,100.0,100.0,100.0,57.4,1.7,0.0,0.0,0.0,0.0,0.0,0.0
Punjab,1998,36.9,36.8,100.0,100.0,25.076,100.0,100.0,100.0,96.1,89.8,78.7,21.8,0.0,0.0,0.0,0.0
Punjab,1999,37.1,37.1,100.0,100.0,25.076,100.0,100.0,100.0,95.8,89.4,77.4,29.4,0.0,0.0,0.0,0.0
Punjab,2000,44.1,44.1,100.0,100.0,25.076,100.0,100.0,100.0,99.1,97.7,92.4,81.7,54.2,6.7,0.0,0.0
Punjab,2001,46.7,46.6,100.0,100.0,25.425,100.0,100.0,100.0,99.6,98.6,94.3,86.4,73.7,29.2,0.5,0.0
Punjab,2002,49.5,50.0,100.0,100.0,25.775,100.0,100.0,100.0,99.5,98.4,94.7,87.4,78.4,61.6,19.1,0.2
Punjab,2003,53.3,53.9,100.0,100.0,26.124,100.0,100.0,100.0,99.5,98.6,95.9,90.6,83.5,74.8,55.8,18.7
Punjab,2004,54.2,54.3,100.0,100.0,26.474,100.0,100.0,100.0,99.4,98.7,96.9,92.9,86.0,78.6,57.0,21.3
Punjab,2005,52.2,52.1,100.0,100.0,26.823,100.0,100.0,100.0,99.6,99.0,96.6,90.4,84.2,70.0,42.6,10.3
Punjab,2006,52.0,52.4,100.0,100.0,27.137,100.0,100.0,100.0,99.7,98.9,96.4,90.4,82.8,72.0,44.3,7.1
Punjab,2007,55.6,55.8,100.0,100.0,27.45,100.0,100.0,100.0,99.9,99.2,98.1,92.8,86.1,79.6,69.3,31.2
Punjab,2008,59.7,59.4,100.0,100.0,27.763,100.0,100.0,100.0,99.9,99.3,98.6,96.3,91.8,86.6,78.3,59.4
Punjab,2009,55.7,55.5,100.0,100.0,28.076,100.0,100.0,100.0,99.7,99.0,97.6,93.7,88.5,81.8,65.4,31.7
Punjab,2010,64.0,64.4,100.0,100.0,28.389,100.0,100.0,100.0,99.9,99.3,98.6,96.4,93.1,88.6,81.6,73.2
Punjab,2011,65.2,64.9,100.0,100.0,28.656,100.0,100.0,100.0,100.0,99.5,98.9,97.4,94.4,90.7,85.3,74.7
Punjab,2012,58.7,58.3,100.0,100.0,28.922,100.0,100.0,100.0,100.0,99.5,99.0,97.1,93.5,89.6,75.5,41.1
Punjab,2013,60.7,60.3,100.0,100.0,29.189,100.0,100.0,100.0,100.0,99.7,99.2,97.6,93.7,90.0,82.4,60.5
Punjab,2014,58.4,58.1,100.0,100.0,29.455,100.0,100.0,100.0,100.0,99.7,99.0,96.6,92.3,88.1,78.1,49.0
Punjab,2015,64.4,64.5,100.0,100.0,29.722,100.0,100.0,100.0,100.0,99.6,99.2,97.9,94.9,91.2,86.6,78.9
Punjab,2016,68.5,67.8,100.0,100.0,29.962,100.0,100.0,100.0,100.0,99.9,99.6,99.2,98.5,95.8,92.5,85.6
Punjab,2017,63.5,62.8,100.0,100.0,30.201,100.0,100.0,100.0,100.0,99.6,99.1,98.2,95.8,92.4,87.2,76.6
Punjab,2018,65.8,65.4,100.0,100.0,30.441,100.0,100.0,100.0,100.0,99.8,99.4,99.1,97.3,93.4,89.7,81.4
Punjab,2019,57.0,56.2,100.0,100.0,30.681,100.0,100.0,100.0,100.0,99.6,99.0,97.1,93.3,88.7,69.7,31.7
Punjab,2020,56.9,56.0,100.0,100.0,30.921,100.0,100.0,100.0,100.0,99.7,99.2,97.9,93.5,87.6,64.1,32.1
Punjab,2021,62.8,62.2,100.0,100.0,30.921,100.0,100.0,100.0,100.0,99.9,99.5,98.8,96.2,91.8,85.8,72.0
Punjab,2022,58.0,56.8,100.0,100.0,30.921,100.0,100.0,100.0,100.0,99.7,99.3,97.6,94.0,88.8,68.6,40.4
Punjab,2023,56.8,56.0,100.0,100.0,30.921,100.0,100.0,100.0,100.0,99.8,99.2,96.6,93.3,88.9,65.7,30.5
Rajasthan,1998,35.9,36.9,100.0,100.0,57.866,100.0,100.0,100.0,89.7,72.9,51.6,31.0,13.8,7.9,2.5,0.3
Rajasthan,1999,37.2,38.2,100.0,100.0,57.866,100.0,100.0,100.0,92.1,79.6,58.7,36.7,16.2,9.0,2.2,0.1
Rajasthan,2000,42.6,45.0,100.0,100.0,57.866,100.0,100.0,100.0,100.0,96.2,83.4,61.4,35.2,16.9,8.5,1.2
Rajasthan,2001,44.7,46.6,100.0,100.0,59.062,100.0,100.0,100.0,100.0,97.8,85.0,72.7,50.0,23.1,10.8,3.7
Rajasthan,2002,50.0,52.0,100.0,100.0,60.258,100.0,100.0,100.0,100.0,100.0,95.4,84.7,72.5,50.4,25.9,15.0
Rajasthan,2003,50.6,51.9,100.0,100.0,61.454,100.0,100.0,100.0,100.0,100.0,97.7,87.6,77.7,55.6,26.1,12.2
Rajasthan,2004,50.4,52.5,100.0,100.0,62.651,100.0,100.0,100.0,100.0,100.0,98.0,86.1,74.1,52.0,26.7,14.4
Rajasthan,2005,48.1,49.6,100.0,100.0,63.847,100.0,100.0,100.0,100.0,100.0,94.3,80.4,66.4,42.9,19.8,6.3
Rajasthan,2006,49.6,51.6,100.0,100.0,65.021,100.0,100.0,100.0,100.0,100.0,99.3,86.1,70.4,48.6,25.1,10.3
Rajasthan,2007,48.9,49.6,100.0,100.0,66.195,100.0,100.0,100.0,100.0,100.0,95.0,81.2,66.3,47.5,23.8,8.5
Rajasthan,2008,52.3,52.5,100.0,100.0,67.369,100.0,100.0,100.0,100.0,100.0,99.8,92.0,77.3,58.5,35.6,17.2
Rajasthan,2009,52.0,53.2,100.0,100.0,68.543,100.0,100.0,100.0,100.0,100.0,99.8,91.4,78.8,60.4,34.3,15.4
Rajasthan,2010,53.9,53.8,100.0,100.0,69.717,100.0,100.0,100.0,100.0,100.0,99.9,92.1,80.0,67.3,44.7,23.6
Rajasthan,2011,52.4,50.8,100.0,100.0,70.837,100.0,100.0,100.0,100.0,100.0,99.9,95.7,81.7,55.7,29.7,13.8
Rajasthan,2012,56.0,56.0,100.0,100.0,71.958,100.0,100.0,100.0,100.0,100.0,100.0,100.0,96.8,77.7,48.4,25.3
Rajasthan,2013,51.9,51.4,100.0,100.0,73.078,100.0,100.0,100.0,100.0,100.0,100.0,97.2,81.6,55.7,30.0,12.6
Rajasthan,2014,50.9,51.7,100.0,100.0,74.198,100.0,100.0,100.0,100.0,100.0,100.0,95.3,75.1,52.7,26.7,10.5
Rajasthan,2015,56.1,59.2,100.0,100.0,75.318,100.0,100.0,100.0,100.0,100.0,100.0,97.9,84.8,68.5,48.8,33.9
Rajasthan,2016,52.5,51.7,100.0,100.0,76.429,100.0,100.0,100.0,100.0,100.0,99.5,92.3,77.0,56.0,31.9,15.4
Rajasthan,2017,54.4,53.8,100.0,100.0,77.541,100.0,100.0,100.0,100.0,100.0,100.0,98.8,88.5,63.0,38.2,19.0
Rajasthan,2018,58.3,60.1,100.0,100.0,78.652,100.0,100.0,100.0,100.0,100.0,100.0,99.6,93.6,78.0,55.2,36.2
Rajasthan,2019,53.5,52.4,100.0,100.0,79.763,100.0,100.0,100.0,100.0,100.0,99.9,97.6,82.9,58.5,36.6,18.5
Rajasthan,2020,48.7,48.0,100.0,100.0,80.874,100.0,100.0,100.0,100.0,100.0,98.2,87.3,60.9,37.3,18.2,10.3
Rajasthan,2021,53.4,52.7,100.0,100.0,80.874,100.0,100.0,100.0,100.0,100.0,100.0,98.2,88.2,61.9,37.4,17.0
Rajasthan,2022,48.2,48.9,100.0,100.0,80.874,100.0,100.0,100.0,100.0,100.0,98.0,85.9,59.3,36.8,19.5,8.8
Rajasthan,2023,49.0,48.4,100.0,100.0,80.874,100.0,100.0,100.0,100.0,100.0,99.6,91.4,66.9,39.6,18.9,7.4
Sikkim,1998,21.3,18.0,100.0,100.0,0.547,100.0,100.0,90.6,13.0,0.0,0.0,0.0,0.0,0.0,0.0,0.0
Sikkim,1999,22.0,18.8,100.0,100.0,0.547,100.0,100.0,92.0,25.4,0.0,0.0,0.0,0.0,0.0,0.0,0.0
Sikkim,2000,29.7,27.0,100.0,100.0,0.547,100.0,100.0,100.0,80.8,53.5,2.8,0.0,0.0,0.0,0.0,0.0
Sikkim,2001,32.5,30.8,100.0,100.0,0.554,100.0,100.0,100.0,84.7,72.3,47.5,0.4,0.0,0.0,0.0,0.0
Sikkim,2002,30.9,28.1,100.0,100.0,0.561,100.0,100.0,100.0,80.0,58.0,37.6,0.0,0.0,0.0,0.0,0.0
Sikkim,2003,33.1,29.4,100.0,100.0,0.568,100.0,100.0,100.0,85.6,67.2,46.8,17.5,0.0,0.0,0.0,0.0
Sikkim,2004,30.2,26.5,100.0,100.0,0.575,100.0,100.0,100.0,75.9,47.9,33.2,8.8,0.0,0.0,0.0,0.0
Sikkim,2005,31.1,26.3,100.0,100.0,0.582,100.0,100.0,100.0,72.5,53.5,39.5,12.9,0.0,0.0,0.0,0.0
Sikkim,2006,33.0,28.8,100.0,100.0,0.589,100.0,100.0,100.0,83.6,57.9,45.1,26.5,2.5,0.0,0.0,0.0
Sikkim,2007,34.1,28.7,100.0,100.0,0.595,100.0,100.0,100.0,85.8,59.5,49.0,36.2,5.6,0.0,0.0,0.0
Sikkim,2008,35.4,31.5,100.0,100.0,0.601,100.0,100.0,100.0,89.1,69.5,50.6,38.6,11.5,0.0,0.0,0.0
Sikkim,2009,39.8,36.7,100.0,100.0,0.607,100.0,100.0,100.0,96.0,79.0,64.2,49.3,39.8,20.1,0.0,0.0
Sikkim,2010,35.1,33.8,100.0,100.0,0.613,100.0,100.0,100.0,92.4,74.4,54.2,32.8,0.0,0.0,0.0,0.0
Sikkim,2011,37.4,34.5,100.0,100.0,0.619,100.0,100.0,100.0,91.4,79.6,58.8,42.7,25.3,0.0,0.0,0.0
Sikkim,2012,38.0,35.5,100.0,100.0,0.624,100.0,100.0,100.0,95.2,85.7,63.7,47.3,23.5,0.0,0.0,0.0
Sikkim,2013,34.4,31.6,100.0,100.0,0.629,100.0,100.0,100.0,88.7,74.1,46.3,31.2,0.0,0.0,0.0,0.0
Sikkim,2014,39.9,36.3,100.0,100.0,0.634,100.0,100.0,100.0,93.4,83.3,73.4,52.0,38.0,6.3,0.0,0.0
Sikkim,2015,41.6,38.1,100.0,100.0,0.639,100.0,100.0,100.0,95.9,86.4,76.6,57.2,42.8,23.3,0.0,0.0
Sikkim,2016,38.6,36.2,100.0,100.0,0.643,100.0,100.0,100.0,90.9,81.2,71.6,47.1,32.6,0.0,0.0,0.0
Sikkim,2017,38.5,34.1,100.0,100.0,0.648,100.0,100.0,100.0,93.7,84.0,63.4,46.7,31.8,0.0,0.0,0.0
Sikkim,2018,42.5,39.0,100.0,100.0,0.652,100.0,100.0,100.0,100.0,93.2,82.6,60.6,44.8,19.8,0.0,0.0
Sikkim,2019,39.0,33.2,100.0,100.0,0.657,100.0,100.0,100.0,92.7,82.5,64.7,46.2,35.9,8.1,0.0,0.0
Sikkim,2020,40.5,34.0,100.0,100.0,0.661,100.0,100.0,100.0,92.9,83.6,67.1,51.0,43.5,26.4,0.0,0.0
Sikkim,2021,40.4,37.1,100.0,100.0,0.661,100.0,100.0,100.0,93.2,83.4,72.5,53.4,40.4,19.3,0.0,0.0
Sikkim,2022,34.6,31.1,100.0,100.0,0.661,100.0,100.0,100.0,85.0,74.1,50.3,37.3,0.0,0.0,0.0,0.0
Sikkim,2023,35.9,32.5,100.0,100.0,0.661,100.0,100.0,100.0,89.5,78.5,56.6,40.4,0.1,0.0,0.0,0.0
Tamil Nadu,1998,17.9,17.4,100.0,100.0,64.266,100.0,97.5,84.9,0.4,0.0,0.0,0.0,0.0,0.0,0.0,0.0
Tamil Nadu,1999,20.4,19.6,100.0,100.0,64.266,100.0,97.8,89.2,9.5,0.4,0.0,0.0,0.0,0.0,0.0,0.0
Tamil Nadu,2000,22.1,21.5,100.0,100.0,64.266,100.0,99.0,95.3,18.4,0.7,0.0,0.0,0.0,0.0,0.0,0.0
Tamil Nadu,2001,23.4,23.0,100.0,100.0,65.253,100.0,99.5,97.1,33.1,1.3,0.2,0.0,0.0,0.0,0.0,0.0
Tamil Nadu,2002,21.9,21.5,100.0,100.0,66.241,100.0,99.9,96.2,12.3,0.5,0.0,0.0,0.0,0.0,0.0,0.0
Tamil Nadu,2003,22.6,22.1,100.0,100.0,67.228,100.0,99.9,97.5,23.6,0.7,0.2,0.0,0.0,0.0,0.0,0.0
Tamil Nadu,2004,24.0,23.6,100.0,100.0,68.215,100.0,100.0,97.7,42.6,0.9,0.2,0.0,0.0,0.0,0.0,0.0
Tamil Nadu,2005,26.2,25.4,100.0,100.0,69.203,100.0,99.9,97.9,67.7,15.7,0.6,0.1,0.0,0.0,0.0,0.0
Tamil Nadu,2006,25.1,24.3,100.0,100.0,70.119,100.0,99.9,97.5,54.8,7.5,0.4,0.0,0.0,0.0,0.0,0.0
Tamil Nadu,2007,26.5,25.4,100.0,100.0,71.035,100.0,99.9,97.9,69.5,17.4,1.6,0.2,0.0,0.0,0.0,0.0
Tamil Nadu,2008,27.6,26.6,100.0,100.0,71.951,100.0,100.0,98.7,81.3,24.1,1.8,0.0,0.0,0.0,0.0,0.0
Tamil Nadu,2009,27.7,26.6,100.0,100.0,72.867,100.0,100.0,98.3,79.1,27.8,3.9,0.2,0.0,0.0,0.0,0.0
Tamil Nadu,2010,27.6,26.7,100.0,100.0,73.783,100.0,100.0,98.2,82.3,24.2,0.3,0.0,0.0,0.0,0.0,0.0
Tamil Nadu,2011,28.4,27.5,100.0,100.0,74.601,100.0,100.0,99.1,83.9,36.0,1.9,0.0,0.0,0.0,0.0,0.0
Tamil Nadu,2012,28.0,26.8,100.0,100.0,75.419,100.0,100.0,99.2,78.8,31.0,4.6,0.0,0.0,0.0,0.0,0.0
Tamil Nadu,2013,25.9,24.6,100.0,100.0,76.237,100.0,100.0,98.1,61.1,15.6,0.9,0.0,0.0,0.0,0.0,0.0
Tamil Nadu,2014,28.0,26.7,100.0,100.0,77.055,100.0,100.0,99.1,77.2,30.6,8.2,0.1,0.0,0.0,0.0,0.0
Tamil Nadu,2015,26.8,24.8,100.0,100.0,77.873,100.0,100.0,98.1,59.9,21.8,14.4,3.6,0.0,0.0,0.0,0.0
Tamil Nadu,2016,31.3,29.0,100.0,100.0,78.646,100.0,100.0,99.5,85.7,55.9,21.4,14.1,4.3,0.0,0.0,0.0
Tamil Nadu,2017,29.4,27.5,100.0,100.0,79.42,100.0,100.0,99.1,81.7,39.6,15.4,7.7,0.0,0.0,0.0,0.0
Tamil Nadu,2018,32.1,30.2,100.0,100.0,80.193,100.0,100.0,99.7,93.0,64.8,25.4,10.3,0.6,0.0,0.0,0.0
Tamil Nadu,2019,26.8,25.2,100.0,100.0,80.966,100.0,100.0,98.3,66.5,20.1,8.4,0.0,0.0,0.0,0.0,0.0
Tamil Nadu,2020,24.4,23.2,100.0,100.0,81.74,100.0,99.9,97.7,46.4,7.0,0.0,0.0,0.0,0.0,0.0,0.0
Tamil Nadu,2021,26.7,25.8,100.0,100.0,81.74,100.0,100.0,98.9,69.3,20.3,0.5,0.0,0.0,0.0,0.0,0.0
Tamil Nadu,2022,25.5,24.6,100.0,100.0,81.74,100.0,100.0,98.6,59.7,11.2,0.0,0.0,0.0,0.0,0.0,0.0
Tamil Nadu,2023,25.4,23.9,100.0,100.0,81.74,100.0,100.0,98.1,53.2,16.4,1.2,0.0,0.0,0.0,0.0,0.0
Telangana,1998,18.5,17.4,100.0,99.8,32.035,100.0,100.0,90.9,0.0,0.0,0.0,0.0,0.0,0.0,0.0,0.0
Telangana,1999,20.3,19.6,100.0,99.8,32.035,100.0,100.0,97.7,3.0,0.0,0.0,0.0,0.0,0.0,0.0,0.0
Telangana,2000,23.5,22.5,100.0,99.8,32.035,100.0,100.0,100.0,27.2,0.0,0.0,0.0,0.0,0.0,0.0,0.0
Telangana,2001,24.2,23.5,100.0,99.8,32.459,100.0,100.0,100.0,38.7,0.0,0.0,0.0,0.0,0.0,0.0,0.0
Telangana,2002,24.2,23.3,100.0,99.8,32.883,100.0,100.0,100.0,38.9,0.0,0.0,0.0,0.0,0.0,0.0,0.0
Telangana,2003,24.9,24.0,100.0,99.8,33.307,100.0,100.0,100.0,46.4,0.3,0.0,0.0,0.0,0.0,0.0,0.0
Telangana,2004,25.3,24.4,100.0,99.8,33.731,100.0,100.0,100.0,54.8,1.5,0.0,0.0,0.0,0.0,0.0,0.0
Telangana,2005,27.3,26.0,100.0,99.8,34.155,100.0,100.0,100.0,81.8,19.2,0.0,0.0,0.0,0.0,0.0,0.0
Telangana,2006,29.7,28.3,100.0,99.8,34.547,100.0,100.0,100.0,97.2,43.3,3.2,0.0,0.0,0.0,0.0,0.0
Telangana,2007,31.2,29.7,100.0,99.8,34.939,100.0,100.0,100.0,98.7,62.5,16.2,0.0,0.0,0.0,0.0,0.0
Telangana,2008,32.5,30.9,100.0,99.8,35.331,100.0,100.0,100.0,99.8,70.7,26.9,0.8,0.0,0.0,0.0,0.0
Telangana,2009,33.6,31.8,100.0,99.8,35.723,100.0,100.0,100.0,100.0,85.4,30.7,6.8,0.0,0.0,0.0,0.0
Telangana,2010,31.5,29.5,100.0,99.8,36.115,100.0,100.0,100.0,99.4,59.0,19.4,1.0,0.0,0.0,0.0,0.0
Telangana,2011,31.6,29.9,100.0,99.8,36.466,100.0,100.0,100.0,99.8,57.4,21.4,2.0,0.0,0.0,0.0,0.0
Telangana,2012,30.9,28.8,100.0,99.8,36.818,100.0,100.0,100.0,97.9,50.2,17.8,2.8,0.0,0.0,0.0,0.0
Telangana,2013,31.8,29.8,100.0,99.8,37.169,100.0,100.0,100.0,97.9,58.1,23.6,9.0,0.0,0.0,0.0,0.0
Telangana,2014,33.6,31.5,100.0,99.8,37.52,100.0,100.0,100.0,100.0,76.9,29.9,12.5,0.9,0.0,0.0,0.0
Telangana,2015,32.9,30.6,100.0,99.8,37.872,100.0,100.0,100.0,99.4,64.4,29.3,13.4,2.0,0.0,0.0,0.0
Telangana,2016,34.6,31.5,100.0,99.8,38.214,100.0,100.0,100.0,97.0,77.3,41.0,18.9,6.8,0.0,0.0,0.0
Telangana,2017,35.6,32.5,100.0,99.8,38.556,100.0,100.0,100.0,99.9,84.6,44.6,19.2,12.0,0.1,0.0,0.0
Telangana,2018,35.8,33.1,100.0,99.8,38.897,100.0,100.0,100.0,100.0,85.6,48.4,23.4,9.8,0.0,0.0,0.0
Telangana,2019,34.2,31.5,100.0,99.8,39.239,100.0,100.0,100.0,99.8,74.7,38.8,17.8,3.7,0.0,0.0,0.0
Telangana,2020,32.7,30.3,100.0,99.8,39.581,100.0,100.0,100.0,96.2,66.2,31.8,12.1,0.0,0.0,0.0,0.0
Telangana,2021,35.6,33.3,100.0,99.8,39.581,100.0,100.0,100.0,99.7,83.1,50.7,24.0,6.1,0.0,0.0,0.0
Telangana,2022,32.1,29.2,100.0,99.8,39.581,100.0,100.0,100.0,90.0,59.8,30.1,12.8,0.4,0.0,0.0,0.0
Telangana,2023,33.0,30.4,100.0,99.8,39.581,100.0,100.0,100.0,97.5,66.0,33.4,14.8,0.5,0.0,0.0,0.0
Tripura,1998,35.8,33.8,100.0,100.0,3.418,100.0,100.0,100.0,97.4,78.6,65.9,23.9,1.1,0.0,0.0,0.0
Tripura,1999,36.5,34.4,100.0,100.0,3.418,100.0,100.0,100.0,98.3,79.5,65.9,29.4,4.5,0.7,0.0,0.0
Tripura,2000,42.2,40.4,100.0,100.0,3.418,100.0,100.0,100.0,99.9,98.7,81.0,70.2,43.4,4.3,0.6,0.0
Tripura,2001,41.8,39.7,100.0,100.0,3.47,100.0,100.0,100.0,99.9,92.6,77.2,69.3,44.6,6.0,0.4,0.0
Tripura,2002,40.5,38.3,100.0,100.0,3.521,100.0,100.0,100.0,99.9,96.0,76.8,60.8,27.0,2.7,0.0,0.0
Tripura,2003,44.4,42.1,100.0,100.0,3.573,100.0,100.0,100.0,100.0,99.3,83.8,73.7,58.0,16.6,1.8,0.0
Tripura,2004,43.8,41.2,100.0,100.0,3.624,100.0,100.0,100.0,100.0,99.1,79.8,71.1,56.3,21.3,1.8,0.0
Tripura,2005,44.7,41.8,100.0,100.0,3.676,100.0,100.0,100.0,100.0,97.9,80.5,72.2,59.2,30.8,3.8,0.1
Tripura,2006,49.6,47.3,100.0,100.0,3.722,100.0,100.0,100.0,100.0,100.0,99.9,91.4,70.5,55.8,22.0,5.2
Tripura,2007,46.5,44.0,100.0,100.0,3.768,100.0,100.0,100.0,100.0,100.0,95.2,75.1,62.4,37.2,9.7,1.3
Tripura,2008,47.2,44.5,100.0,100.0,3.814,100.0,100.0,100.0,100.0,99.8,90.6,75.2,65.0,46.4,13.0,2.2
Tripura,2009,54.0,51.0,100.0,100.0,3.86,100.0,100.0,100.0,100.0,100.0,100.0,92.9,76.9,69.7,55.4,30.5
Tripura,2010,51.6,48.4,100.0,100.0,3.906,100.0,100.0,100.0,100.0,100.0,99.7,80.3,73.0,62.8,43.6,17.6
Tripura,2011,50.5,47.6,100.0,100.0,3.946,100.0,100.0,100.0,100.0,100.0,99.5,82.0,73.2,61.6,34.5,7.5
Tripura,2012,55.9,52.6,100.0,100.0,3.986,100.0,100.0,100.0,100.0,100.0,100.0,98.6,81.0,72.2,63.8,40.6
Tripura,2013,48.8,45.6,100.0,100.0,4.026,100.0,100.0,100.0,100.0,99.9,97.8,78.1,69.0,54.7,23.3,4.4
Tripura,2014,54.8,51.7,100.0,100.0,4.066,100.0,100.0,100.0,100.0,100.0,99.9,90.0,77.1,70.4,59.6,37.5
Tripura,2015,53.4,50.1,100.0,100.0,4.106,100.0,100.0,100.0,100.0,100.0,99.9,87.6,74.6,68.1,54.2,27.7
Tripura,2016,51.1,47.6,100.0,100.0,4.143,100.0,100.0,100.0,100.0,100.0,99.0,83.3,71.4,64.0,42.1,13.3
Tripura,2017,47.0,43.1,100.0,100.0,4.179,100.0,100.0,100.0,100.0,99.0,80.9,70.9,63.9,48.0,23.7,3.8
Tripura,2018,63.6,59.3,100.0,100.0,4.216,100.0,100.0,100.0,100.0,100.0,100.0,99.8,96.1,80.5,71.6,66.1
Tripura,2019,50.8,47.2,100.0,100.0,4.252,100.0,100.0,100.0,100.0,100.0,98.6,82.6,69.7,58.0,37.1,15.8
Tripura,2020,54.1,50.6,100.0,100.0,4.289,100.0,100.0,100.0,100.0,100.0,99.9,96.8,76.6,68.0,52.3,27.2
Tripura,2021,57.3,53.9,100.0,100.0,4.289,100.0,100.0,100.0,100.0,100.0,100.0,99.7,89.1,71.6,61.5,42.5
Tripura,2022,46.9,43.4,100.0,100.0,4.289,100.0,100.0,100.0,100.0,99.6,90.9,72.6,63.5,41.4,17.2,3.1
Tripura,2023,50.6,47.7,100.0,100.0,4.289,100.0,100.0,100.0,100.0,100.0,94.8,77.3,71.3,60.8,40.6,15.5
Uttar Pradesh,1998,50.0,47.7,100.0,99.9,169.701,100.0,100.0,100.0,99.2,97.6,93.5,86.2,74.5,55.7,29.2,11.7
Uttar Pradesh,1999,48.6,46.4,100.0,99.9,169.701,100.0,100.0,100.0,99.5,98.3,94.8,87.0,69.3,42.7,18.9,9.2
Uttar Pradesh,2000,55.8,53.1,100.0,99.9,169.701,100.0,100.0,100.0,99.9,99.2,97.5,94.1,88.6,80.2,58.6,29.2
Uttar Pradesh,2001,60.6,57.6,100.0,99.9,173.057,100.0,100.0,100.0,100.0,99.6,98.3,96.4,92.5,86.3,77.2,61.0
Uttar Pradesh,2002,61.1,58.1,100.0,99.9,176.413,100.0,100.0,100.0,100.0,99.9,99.0,96.5,92.9,86.6,76.4,60.7
Uttar Pradesh,2003,67.1,63.9,100.0,99.9,179.769,100.0,100.0,100.0,100.0,100.0,99.5,98.1,95.3,90.8,83.6,74.3
Uttar Pradesh,2004,67.6,64.5,100.0,99.9,183.125,100.0,100.0,100.0,100.0,100.0,99.7,98.7,96.6,93.3,87.6,78.4
Uttar Pradesh,2005,62.0,59.2,100.0,99.9,186.481,100.0,100.0,100.0,100.0,99.9,99.2,97.0,93.5,87.3,78.1,62.6
Uttar Pradesh,2006,62.0,59.1,100.0,99.9,189.735,100.0,100.0,100.0,100.0,99.9,99.2,97.4,94.6,89.3,81.5,67.8
Uttar Pradesh,2007,66.2,63.2,100.0,99.9,192.989,100.0,100.0,100.0,100.0,100.0,99.8,98.8,97.0,93.3,87.5,78.3
Uttar Pradesh,2008,76.8,73.4,100.0,99.9,196.243,100.0,100.0,100.0,100.0,100.0,100.0,99.8,99.3,97.8,94.6,90.2
Uttar Pradesh,2009,71.4,68.3,100.0,99.9,199.497,100.0,100.0,100.0,100.0,100.0,99.8,99.3,98.0,95.8,91.8,86.6
Uttar Pradesh,2010,74.2,70.4,100.0,99.9,202.751,100.0,100.0,100.0,100.0,100.0,99.8,99.0,97.9,95.9,91.9,86.3
Uttar Pradesh,2011,81.0,76.9,100.0,99.9,205.81,100.0,100.0,100.0,100.0,100.0,100.0,99.9,99.4,98.1,96.1,92.7
Uttar Pradesh,2012,75.0,71.5,100.0,99.9,208.87,100.0,100.0,100.0,100.0,100.0,99.9,99.6,99.0,97.4,95.2,91.1
Uttar Pradesh,2013,75.0,71.2,100.0,99.9,211.93,100.0,100.0,100.0,100.0,100.0,100.0,99.8,98.5,96.3,93.5,88.4
Uttar Pradesh,2014,69.7,66.5,100.0,99.9,214.989,100.0,100.0,100.0,100.0,100.0,99.9,99.6,98.2,95.8,91.5,83.5
Uttar Pradesh,2015,77.9,73.8,100.0,99.9,218.049,100.0,100.0,100.0,100.0,100.0,100.0,99.7,98.5,97.0,94.8,90.7
Uttar Pradesh,2016,86.6,81.5,100.0,99.9,221.045,100.0,100.0,100.0,100.0,100.0,100.0,99.9,99.5,98.5,96.8,94.5
Uttar Pradesh,2017,80.8,76.9,100.0,99.9,224.042,100.0,100.0,100.0,100.0,100.0,100.0,99.9,99.6,98.2,96.1,93.5
Uttar Pradesh,2018,78.0,73.7,100.0,99.9,227.038,100.0,100.0,100.0,100.0,100.0,100.0,99.7,98.7,97.4,95.7,92.5
Uttar Pradesh,2019,74.2,71.0,100.0,99.9,230.035,100.0,100.0,100.0,100.0,100.0,100.0,99.8,99.4,97.5,94.7,89.3
Uttar Pradesh,2020,68.5,65.4,100.0,99.9,233.031,100.0,100.0,100.0,100.0,100.0,99.8,99.3,97.3,95.2,91.0,82.1
Uttar Pradesh,2021,72.4,69.0,100.0,99.9,233.031,100.0,100.0,100.0,100.0,100.0,100.0,99.6,98.6,97.1,95.0,90.2
Uttar Pradesh,2022,69.8,66.4,100.0,99.9,233.031,100.0,100.0,100.0,100.0,100.0,99.8,98.9,97.4,95.4,91.4,85.0
Uttar Pradesh,2023,63.8,60.8,100.0,99.9,233.031,100.0,100.0,100.0,100.0,100.0,99.6,98.2,95.4,90.8,82.7,66.9
Uttarakhand,1998,26.8,21.0,100.0,100.0,8.965,100.0,100.0,97.8,49.8,26.1,15.0,10.9,5.5,0.0,0.0,0.0
Uttarakhand,1999,26.7,21.4,100.0,100.0,8.965,100.0,100.0,98.5,50.5,24.7,13.9,9.6,3.5,0.0,0.0,0.0
Uttarakhand,2000,34.2,29.3,100.0,100.0,8.965,100.0,100.0,100.0,93.3,69.4,40.4,17.8,11.3,6.2,0.0,0.0
Uttarakhand,2001,35.4,30.3,100.0,100.0,9.125,100.0,100.0,100.0,99.3,73.4,46.0,21.9,12.4,7.9,1.1,0.0
Uttarakhand,2002,35.1,28.9,100.0,100.0,9.285,100.0,100.0,100.0,91.9,68.4,43.3,20.8,14.0,9.9,4.5,0.0
Uttarakhand,2003,37.1,30.3,100.0,100.0,9.445,100.0,100.0,100.0,95.0,77.0,52.3,31.8,16.3,11.5,6.8,1.6
Uttarakhand,2004,39.1,31.9,100.0,100.0,9.604,100.0,100.0,100.0,98.7,80.3,56.2,41.6,22.9,15.0,11.1,6.3
Uttarakhand,2005,32.4,26.0,100.0,100.0,9.764,100.0,100.0,100.0,75.4,50.6,36.3,21.7,12.3,7.4,0.8,0.0
Uttarakhand,2006,34.7,27.4,100.0,100.0,9.922,100.0,100.0,100.0,83.7,57.8,45.7,26.7,15.2,10.8,4.8,0.0
Uttarakhand,2007,37.1,29.8,100.0,100.0,10.08,100.0,100.0,100.0,94.8,64.8,51.1,37.6,21.0,12.5,8.4,3.4
Uttarakhand,2008,42.2,33.2,100.0,100.0,10.238,100.0,100.0,100.0,99.2,84.2,60.3,52.1,39.8,22.3,14.9,10.6
Uttarakhand,2009,39.5,31.6,100.0,100.0,10.396,100.0,100.0,100.0,98.0,79.2,58.2,43.7,26.2,15.2,11.6,8.3
Uttarakhand,2010,42.3,32.9,100.0,100.0,10.554,100.0,100.0,100.0,98.6,83.8,63.0,52.7,38.4,20.1,15.1,11.6
Uttarakhand,2011,44.9,33.3,100.0,100.0,10.706,100.0,100.0,100.0,97.9,84.3,67.1,55.6,47.1,35.0,21.3,15.3
Uttarakhand,2012,42.1,33.3,100.0,100.0,10.859,100.0,100.0,100.0,99.6,85.9,61.3,50.9,36.1,21.6,14.7,11.4
Uttarakhand,2013,43.0,33.1,100.0,100.0,11.011,100.0,100.0,100.0,99.0,82.7,61.7,52.2,41.9,25.8,17.1,14.2
Uttarakhand,2014,42.0,33.7,100.0,100.0,11.164,100.0,100.0,100.0,99.6,86.2,63.8,53.0,40.1,19.4,14.5,10.2
Uttarakhand,2015,44.5,34.0,100.0,100.0,11.316,100.0,100.0,100.0,99.4,85.5,65.2,56.8,46.6,33.4,19.6,14.6
Uttarakhand,2016,47.7,37.1,100.0,100.0,11.472,100.0,100.0,100.0,100.0,92.9,79.6,62.2,54.5,42.2,23.6,17.1
Uttarakhand,2017,44.3,33.8,100.0,100.0,11.627,100.0,100.0,100.0,98.9,85.2,65.3,57.2,45.7,31.8,18.7,13.6
Uttarakhand,2018,46.6,35.5,100.0,100.0,11.782,100.0,100.0,100.0,99.7,89.4,76.9,60.0,50.9,37.2,21.2,16.6
Uttarakhand,2019,41.7,31.8,100.0,100.0,11.937,100.0,100.0,100.0,98.7,81.9,61.7,53.9,37.4,23.4,14.1,10.4
Uttarakhand,2020,40.1,30.4,100.0,100.0,12.092,100.0,100.0,100.0,95.6,73.4,58.3,50.4,30.4,17.8,14.2,10.3
Uttarakhand,2021,46.3,37.1,100.0,100.0,12.092,100.0,100.0,100.0,99.9,98.6,82.7,61.5,54.8,33.8,17.3,13.9
Uttarakhand,2022,40.4,30.4,100.0,100.0,12.092,100.0,100.0,100.0,92.4,74.5,59.3,51.3,34.0,18.3,15.0,10.7
Uttarakhand,2023,37.4,28.7,100.0,100.0,12.092,100.0,100.0,100.0,88.9,70.2,55.1,41.1,18.5,15.1,10.0,1.1
West Bengal,1998,31.2,33.0,100.0,99.9,81.845,100.0,100.0,99.9,72.1,53.5,39.5,8.7,0.7,0.0,0.0,0.0
West Bengal,1999,33.6,35.0,100.0,99.9,81.845,100.0,100.0,99.9,96.6,61.1,47.5,21.1,0.6,0.0,0.0,0.0
West Bengal,2000,38.7,40.3,100.0,99.9,81.845,100.0,100.0,100.0,99.6,93.8,63.7,49.1,16.4,0.3,0.0,0.0
West Bengal,2001,39.0,40.7,100.0,99.9,82.974,100.0,100.0,100.0,99.7,92.3,61.5,49.9,24.8,2.0,0.0,0.0
West Bengal,2002,41.7,42.8,100.0,99.9,84.104,100.0,100.0,100.0,99.6,97.6,78.1,55.5,44.6,7.0,0.1,0.0
West Bengal,2003,41.2,42.6,100.0,99.9,85.234,100.0,100.0,100.0,99.8,97.7,71.9,54.6,39.5,9.4,0.1,0.0
West Bengal,2004,43.4,44.7,100.0,99.9,86.363,100.0,100.0,100.0,99.8,99.4,91.7,63.3,47.1,16.4,1.0,0.0
West Bengal,2005,45.7,46.6,100.0,99.9,87.493,100.0,100.0,100.0,100.0,99.4,96.3,77.0,53.4,34.4,4.9,0.2
West Bengal,2006,50.0,51.0,100.0,99.9,88.502,100.0,100.0,100.0,100.0,99.8,99.2,97.6,70.0,52.7,26.1,4.5
West Bengal,2007,50.4,51.3,100.0,99.9,89.511,100.0,100.0,100.0,99.9,99.5,97.8,94.7,74.3,54.4,29.0,7.0
West Bengal,2008,55.5,56.5,100.0,99.9,90.519,100.0,100.0,100.0,100.0,99.8,99.1,95.7,92.1,70.4,51.7,37.9
West Bengal,2009,59.8,60.4,100.0,99.9,91.528,100.0,100.0,100.0,100.0,100.0,99.8,99.0,96.5,93.1,69.4,55.1
West Bengal,2010,52.6,53.7,100.0,99.9,92.537,100.0,100.0,100.0,100.0,99.6,99.1,97.3,80.5,62.1,42.1,19.8
West Bengal,2011,58.2,58.9,100.0,99.9,93.392,100.0,100.0,100.0,100.0,99.8,99.5,97.1,94.2,77.6,61.0,47.8
West Bengal,2012,59.3,59.7,100.0,99.9,94.248,100.0,100.0,100.0,100.0,99.9,99.5,99.1,97.7,94.3,71.6,43.8
West Bengal,2013,57.2,57.7,100.0,99.9,95.103,100.0,100.0,100.0,100.0,99.7,99.2,97.6,94.0,83.4,61.0,40.8
West Bengal,2014,61.6,61.5,100.0,99.9,95.958,100.0,100.0,100.0,100.0,99.8,99.6,98.2,94.6,93.5,91.0,63.0
West Bengal,2015,59.3,59.6,100.0,99.9,96.814,100.0,100.0,100.0,100.0,99.9,99.6,98.9,94.8,92.2,69.0,55.4
West Bengal,2016,61.6,61.0,100.0,99.9,97.581,100.0,100.0,100.0,100.0,99.8,99.5,96.4,94.5,92.8,80.8,62.5
West Bengal,2017,61.3,61.5,100.0,99.9,98.349,100.0,100.0,100.0,100.0,99.9,99.5,99.0,95.4,93.2,76.8,60.0
West Bengal,2018,65.7,65.4,100.0,99.9,99.116,100.0,100.0,100.0,100.0,100.0,99.7,99.3,98.0,95.4,93.4,78.2
West Bengal,2019,58.7,59.2,100.0,99.9,99.884,100.0,100.0,100.0,100.0,99.8,99.5,98.2,95.1,92.4,71.9,48.8
West Bengal,2020,58.5,60.3,100.0,99.9,100.651,100.0,100.0,100.0,100.0,99.9,99.6,98.9,94.6,77.2,60.8,49.9
West Bengal,2021,60.4,61.5,100.0,99.9,100.651,100.0,100.0,100.0,100.0,99.8,99.5,99.1,94.8,89.9,71.6,56.5
West Bengal,2022,50.1,50.2,100.0,99.9,100.651,100.0,100.0,100.0,99.9,99.6,97.9,92.1,71.7,57.0,26.6,9.5
West Bengal,2023,52.7,52.4,100.0,99.9,100.651,100.0,100.0,100.0,99.8,99.5,97.3,94.5,91.2,69.4,41.9,11.9
